-- ================================================================
-- Oracle Fusion AI Agent -- Seed Data for 62-table schema
-- ================================================================

INSERT INTO hcm_organizations (org_code,org_name,org_type,parent_org_id,country,status) VALUES
  ('ORG001','Oracle Fusion UK Ltd','LEGAL_ENTITY',NULL,'United Kingdom','ACTIVE'),
  ('ORG002','Engineering Division','BUSINESS_UNIT',1,'United Kingdom','ACTIVE'),
  ('ORG003','Finance Division','BUSINESS_UNIT',1,'United Kingdom','ACTIVE'),
  ('ORG004','Commercial Division','BUSINESS_UNIT',1,'United Kingdom','ACTIVE');

INSERT INTO hcm_locations (location_code,location_name,address_line1,city,postal_code,region,status) VALUES
  ('LOC001','London HQ','1 Canary Wharf','London','E14 5AB','South East','ACTIVE'),
  ('LOC002','Manchester Office','2 Piccadilly','Manchester','M1 1AG','North West','ACTIVE'),
  ('LOC003','Birmingham Office','3 Broad St','Birmingham','B1 2HP','West Midlands','ACTIVE'),
  ('LOC004','Remote','N/A','N/A','N/A','Remote','ACTIVE');

INSERT INTO hcm_jobs (job_code,job_name,job_family,job_level,min_salary,max_salary,status) VALUES
  ('JOB001','Software Engineer','Engineering','Mid',30000,120000,'ACTIVE'),
  ('JOB002','Senior Engineer','Engineering','Senior',30000,120000,'ACTIVE'),
  ('JOB003','Staff Engineer','Engineering','Lead',30000,120000,'ACTIVE'),
  ('JOB004','Engineering Director','Engineering','Director',30000,120000,'ACTIVE'),
  ('JOB005','Financial Analyst','Finance','Mid',30000,120000,'ACTIVE'),
  ('JOB006','Senior Accountant','Finance','Senior',30000,120000,'ACTIVE'),
  ('JOB007','HR Business Partner','HR','Senior',30000,120000,'ACTIVE'),
  ('JOB008','Procurement Manager','Procurement','Senior',30000,120000,'ACTIVE'),
  ('JOB009','Marketing Manager','Marketing','Senior',30000,120000,'ACTIVE'),
  ('JOB010','Sales Executive','Sales','Mid',30000,120000,'ACTIVE'),
  ('JOB011','Operations Analyst','Operations','Mid',30000,120000,'ACTIVE'),
  ('JOB012','DevOps Engineer','Engineering','Mid',30000,120000,'ACTIVE'),
  ('JOB013','QA Engineer','Engineering','Mid',30000,120000,'ACTIVE'),
  ('JOB014','Data Engineer','Engineering','Senior',30000,120000,'ACTIVE'),
  ('JOB015','Platform Engineer','Engineering','Senior',30000,120000,'ACTIVE'),
  ('JOB016','Security Engineer','Engineering','Senior',30000,120000,'ACTIVE'),
  ('JOB017','VP of Engineering','Engineering','Director',30000,120000,'ACTIVE'),
  ('JOB018','Graduate Engineer','Engineering','Junior',30000,120000,'ACTIVE'),
  ('JOB019','Junior Engineer','Engineering','Junior',30000,120000,'ACTIVE'),
  ('JOB020','Content Specialist','Marketing','Junior',30000,120000,'ACTIVE');

INSERT INTO hcm_grades (grade_code,grade_name,min_salary,mid_salary,max_salary,currency) VALUES
  ('G3','Graduate',25000,30000,35000,'GBP'),
  ('G4','Junior',35000,40000,48000,'GBP'),
  ('G5','Mid-Level',48000,58000,68000,'GBP'),
  ('G6','Senior',68000,78000,90000,'GBP'),
  ('G7','Staff/Lead',85000,95000,110000,'GBP'),
  ('G8','Director',100000,115000,140000,'GBP');

INSERT INTO hcm_departments (dept_code,dept_name,org_id,cost_centre_code,status) VALUES
  ('D001','Engineering',1,'CC001','ACTIVE'),
  ('D002','Finance',1,'CC002','ACTIVE'),
  ('D003','HR',1,'CC004','ACTIVE'),
  ('D004','Procurement',1,'CC005','ACTIVE'),
  ('D005','Marketing',1,'CC003','ACTIVE'),
  ('D006','Sales',1,'CC006','ACTIVE'),
  ('D007','Operations',1,'CC007','ACTIVE'),
  ('D008','IT',1,'CC008','ACTIVE'),
  ('D009','Legal',1,'CC009','ACTIVE'),
  ('D010','Executive',1,'CC010','ACTIVE');

INSERT INTO hcm_positions (position_code,position_name,dept_id,job_id,location_id,grade_id,status) VALUES
  ('POS001','Engineering Lead',1,1,1,NULL,'ACTIVE'),
  ('POS002','Finance Lead',2,1,1,NULL,'ACTIVE'),
  ('POS003','HR Lead',3,1,1,NULL,'ACTIVE'),
  ('POS004','Procurement Lead',4,1,1,NULL,'ACTIVE'),
  ('POS005','Marketing Lead',5,1,1,NULL,'ACTIVE'),
  ('POS006','Sales Lead',6,1,1,NULL,'ACTIVE'),
  ('POS007','Operations Lead',7,1,1,NULL,'ACTIVE'),
  ('POS008','IT Lead',8,1,1,NULL,'ACTIVE'),
  ('POS009','Legal Lead',9,1,1,NULL,'ACTIVE'),
  ('POS010','Executive Lead',10,1,1,NULL,'ACTIVE');

INSERT INTO hcm_persons (person_number,first_name,last_name,date_of_birth,gender,nationality,national_id,marital_status,person_type,status) VALUES
  ('EMP0001','James','Okonkwo',NULL,'M','British',NULL,NULL,'EMPLOYEE','ACTIVE'),
  ('EMP0002','Sarah','Chen',NULL,'M','British',NULL,NULL,'EMPLOYEE','ACTIVE'),
  ('EMP0003','Priya','Sharma',NULL,'F','British',NULL,NULL,'EMPLOYEE','ACTIVE'),
  ('EMP0004','David','Williams',NULL,'M','British',NULL,NULL,'EMPLOYEE','ACTIVE'),
  ('EMP0005','Fatima','Al-Hassan',NULL,'M','British',NULL,NULL,'EMPLOYEE','ACTIVE'),
  ('EMP0006','Michael','Brown',NULL,'F','British',NULL,NULL,'EMPLOYEE','ACTIVE'),
  ('EMP0007','Aisha','Patel',NULL,'M','British',NULL,NULL,'EMPLOYEE','ACTIVE'),
  ('EMP0008','Tom','Richardson',NULL,'M','British',NULL,NULL,'EMPLOYEE','ACTIVE'),
  ('EMP0009','Elena','Kowalski',NULL,'F','British',NULL,NULL,'EMPLOYEE','ACTIVE'),
  ('EMP0010','Raj','Gupta',NULL,'M','British',NULL,NULL,'EMPLOYEE','ACTIVE'),
  ('EMP0011','Hannah','Taylor',NULL,'M','British',NULL,NULL,'EMPLOYEE','ACTIVE'),
  ('EMP0012','Kwame','Asante',NULL,'F','British',NULL,NULL,'EMPLOYEE','ACTIVE'),
  ('EMP0013','Sophie','Martin',NULL,'M','British',NULL,NULL,'EMPLOYEE','ACTIVE'),
  ('EMP0014','Omar','Hussain',NULL,'M','British',NULL,NULL,'EMPLOYEE','ACTIVE'),
  ('EMP0015','Charlotte','Evans',NULL,'F','British',NULL,NULL,'EMPLOYEE','ACTIVE'),
  ('EMP0016','Yuki','Tanaka',NULL,'M','British',NULL,NULL,'EMPLOYEE','ACTIVE'),
  ('EMP0017','Daniel','Murphy',NULL,'M','British',NULL,NULL,'EMPLOYEE','ACTIVE'),
  ('EMP0018','Blessing','Obi',NULL,'F','British',NULL,NULL,'EMPLOYEE','ACTIVE'),
  ('EMP0019','Liam','O''Brien',NULL,'M','British',NULL,NULL,'EMPLOYEE','ACTIVE'),
  ('EMP0020','Anya','Petrova',NULL,'M','British',NULL,NULL,'EMPLOYEE','ACTIVE'),
  ('EMP0021','Jack','Hughes',NULL,'F','British',NULL,NULL,'EMPLOYEE','ACTIVE'),
  ('EMP0022','Mei','Lin',NULL,'M','British',NULL,NULL,'EMPLOYEE','ACTIVE'),
  ('EMP0023','Ryan','Kelly',NULL,'M','British',NULL,NULL,'EMPLOYEE','ACTIVE'),
  ('EMP0024','Zara','Khan',NULL,'F','British',NULL,NULL,'EMPLOYEE','ACTIVE'),
  ('EMP0025','Oliver','Wood',NULL,'M','British',NULL,NULL,'EMPLOYEE','ACTIVE'),
  ('EMP0026','Nkechi','Eze',NULL,'M','British',NULL,NULL,'EMPLOYEE','ACTIVE'),
  ('EMP0027','Isla','Campbell',NULL,'F','British',NULL,NULL,'EMPLOYEE','ACTIVE'),
  ('EMP0028','Arjun','Singh',NULL,'M','British',NULL,NULL,'EMPLOYEE','ACTIVE'),
  ('EMP0029','Emily','Watson',NULL,'M','British',NULL,NULL,'EMPLOYEE','ACTIVE'),
  ('EMP0030','Kofi','Mensah',NULL,'F','British',NULL,NULL,'EMPLOYEE','ACTIVE'),
  ('EMP0031','Grace','Liu',NULL,'M','British',NULL,NULL,'EMPLOYEE','ACTIVE'),
  ('EMP0032','Nathan','Clarke',NULL,'M','British',NULL,NULL,'EMPLOYEE','ACTIVE'),
  ('EMP0033','Amara','Diallo',NULL,'F','British',NULL,NULL,'EMPLOYEE','ACTIVE'),
  ('EMP0034','Harry','Thompson',NULL,'M','British',NULL,NULL,'EMPLOYEE','ACTIVE'),
  ('EMP0035','Suki','Nakamura',NULL,'M','British',NULL,NULL,'EMPLOYEE','ACTIVE'),
  ('EMP0036','Ben','Carter',NULL,'F','British',NULL,NULL,'EMPLOYEE','ACTIVE'),
  ('EMP0037','Rosa','Fernandez',NULL,'M','British',NULL,NULL,'EMPLOYEE','ACTIVE'),
  ('EMP0038','Callum','Stewart',NULL,'M','British',NULL,NULL,'EMPLOYEE','ACTIVE'),
  ('EMP0039','Adaeze','Nwankwo',NULL,'F','British',NULL,NULL,'EMPLOYEE','ACTIVE'),
  ('EMP0040','Marcus','Johnson',NULL,'M','British',NULL,NULL,'EMPLOYEE','ACTIVE'),
  ('EMP0041','Freya','Nielsen',NULL,'M','British',NULL,NULL,'EMPLOYEE','ACTIVE'),
  ('EMP0042','Ibrahim','Yusuf',NULL,'F','British',NULL,NULL,'EMPLOYEE','ACTIVE'),
  ('EMP0043','Lucy','Adams',NULL,'M','British',NULL,NULL,'EMPLOYEE','ACTIVE'),
  ('EMP0044','Tomasz','Nowak',NULL,'M','British',NULL,NULL,'EMPLOYEE','ACTIVE'),
  ('EMP0045','Chloe','Baker',NULL,'F','British',NULL,NULL,'EMPLOYEE','ACTIVE'),
  ('EMP0046','Ravi','Krishnan',NULL,'M','British',NULL,NULL,'EMPLOYEE','ACTIVE'),
  ('EMP0047','Olivia','Scott',NULL,'M','British',NULL,NULL,'EMPLOYEE','ACTIVE'),
  ('EMP0048','Victoria','Chang',NULL,'F','British',NULL,NULL,'EMPLOYEE','ACTIVE'),
  ('EMP0049','George','Whitfield',NULL,'M','British',NULL,NULL,'EMPLOYEE','ACTIVE'),
  ('EMP0050','Amina','Begum',NULL,'M','British',NULL,NULL,'EMPLOYEE','ACTIVE'),
  ('EMP0051','Patricia','Okafor',NULL,'F','British',NULL,NULL,'EMPLOYEE','ACTIVE'),
  ('EMP0052','Simon','Gallagher',NULL,'M','British',NULL,NULL,'EMPLOYEE','ACTIVE'),
  ('EMP0053','Henry','Osei',NULL,'M','British',NULL,NULL,'EMPLOYEE','ACTIVE'),
  ('EMP0054','Jessica','Park',NULL,'F','British',NULL,NULL,'EMPLOYEE','ACTIVE'),
  ('EMP0055','Tariq','Ali',NULL,'M','British',NULL,NULL,'EMPLOYEE','ACTIVE'),
  ('EMP0056','Fiona','McLeod',NULL,'M','British',NULL,NULL,'EMPLOYEE','ACTIVE'),
  ('EMP0057','Robert','Achebe',NULL,'F','British',NULL,NULL,'EMPLOYEE','ACTIVE'),
  ('EMP0058','Natasha','Volkov',NULL,'M','British',NULL,NULL,'EMPLOYEE','ACTIVE'),
  ('EMP0059','William','Nkomo',NULL,'M','British',NULL,NULL,'EMPLOYEE','ACTIVE'),
  ('EMP0060','Catherine','Doyle',NULL,'F','British',NULL,NULL,'EMPLOYEE','ACTIVE'),
  ('EMP0061','Peter','Nowak',NULL,'M','British',NULL,NULL,'EMPLOYEE','INACTIVE'),
  ('EMP0062','Sandra','Kim',NULL,'M','British',NULL,NULL,'EMPLOYEE','INACTIVE'),
  ('EMP0063','Derek','Shaw',NULL,'F','British',NULL,NULL,'EMPLOYEE','INACTIVE'),
  ('EMP0064','Monica','Reyes',NULL,'M','British',NULL,NULL,'EMPLOYEE','INACTIVE'),
  ('EMP0065','Alan','Foster',NULL,'M','British',NULL,NULL,'EMPLOYEE','INACTIVE'),
  ('EMP0066','Ingrid','Larsen',NULL,'F','British',NULL,NULL,'EMPLOYEE','INACTIVE'),
  ('EMP0067','Chidi','Okonkwo',NULL,'M','British',NULL,NULL,'EMPLOYEE','INACTIVE'),
  ('EMP0068','Karen','Mitchell',NULL,'M','British',NULL,NULL,'EMPLOYEE','INACTIVE'),
  ('EMP0069','Youssef','El-Amin',NULL,'F','British',NULL,NULL,'EMPLOYEE','INACTIVE'),
  ('EMP0070','Lisa','Zhang',NULL,'M','British',NULL,NULL,'EMPLOYEE','INACTIVE'),
  ('EMP0071','Paul','Bennett',NULL,'M','British',NULL,NULL,'EMPLOYEE','INACTIVE'),
  ('EMP0072','Diana','Rossi',NULL,'F','British',NULL,NULL,'EMPLOYEE','INACTIVE'),
  ('EMP0073','Trevor','Grant',NULL,'M','British',NULL,NULL,'EMPLOYEE','INACTIVE'),
  ('EMP0074','Nina','Johansson',NULL,'M','British',NULL,NULL,'EMPLOYEE','INACTIVE'),
  ('EMP0075','Samuel','Obeng',NULL,'F','British',NULL,NULL,'EMPLOYEE','INACTIVE'),
  ('EMP0076','Rachel','Cooper',NULL,'M','British',NULL,NULL,'EMPLOYEE','INACTIVE'),
  ('EMP0077','Ahmed','Hassan',NULL,'M','British',NULL,NULL,'EMPLOYEE','INACTIVE'),
  ('EMP0078','Wendy','Griffiths',NULL,'F','British',NULL,NULL,'EMPLOYEE','INACTIVE'),
  ('EMP0079','Ian','Wallace',NULL,'M','British',NULL,NULL,'EMPLOYEE','INACTIVE'),
  ('EMP0080','Joanna','Price',NULL,'M','British',NULL,NULL,'EMPLOYEE','INACTIVE');

INSERT INTO hcm_person_names (person_id,name_type,title,first_name,middle_name,last_name,suffix,effective_from,effective_to) VALUES
  (1,'GLOBAL',NULL,'James',NULL,'Okonkwo',NULL,'2019-03-15',NULL),
  (2,'GLOBAL',NULL,'Sarah',NULL,'Chen',NULL,'2019-06-01',NULL),
  (3,'GLOBAL',NULL,'Priya',NULL,'Sharma',NULL,'2019-09-12',NULL),
  (4,'GLOBAL',NULL,'David',NULL,'Williams',NULL,'2020-01-20',NULL),
  (5,'GLOBAL',NULL,'Fatima',NULL,'Al-Hassan',NULL,'2020-03-10',NULL),
  (6,'GLOBAL',NULL,'Michael',NULL,'Brown',NULL,'2020-05-18',NULL),
  (7,'GLOBAL',NULL,'Aisha',NULL,'Patel',NULL,'2020-06-22',NULL),
  (8,'GLOBAL',NULL,'Tom',NULL,'Richardson',NULL,'2020-08-03',NULL),
  (9,'GLOBAL',NULL,'Elena',NULL,'Kowalski',NULL,'2020-09-14',NULL),
  (10,'GLOBAL',NULL,'Raj',NULL,'Gupta',NULL,'2020-11-01',NULL),
  (11,'GLOBAL',NULL,'Hannah',NULL,'Taylor',NULL,'2021-01-15',NULL),
  (12,'GLOBAL',NULL,'Kwame',NULL,'Asante',NULL,'2021-02-20',NULL),
  (13,'GLOBAL',NULL,'Sophie',NULL,'Martin',NULL,'2021-04-05',NULL),
  (14,'GLOBAL',NULL,'Omar',NULL,'Hussain',NULL,'2021-05-10',NULL),
  (15,'GLOBAL',NULL,'Charlotte',NULL,'Evans',NULL,'2021-06-14',NULL),
  (16,'GLOBAL',NULL,'Yuki',NULL,'Tanaka',NULL,'2021-07-19',NULL),
  (17,'GLOBAL',NULL,'Daniel',NULL,'Murphy',NULL,'2021-08-23',NULL),
  (18,'GLOBAL',NULL,'Blessing',NULL,'Obi',NULL,'2021-10-01',NULL),
  (19,'GLOBAL',NULL,'Liam',NULL,'O''Brien',NULL,'2021-11-15',NULL),
  (20,'GLOBAL',NULL,'Anya',NULL,'Petrova',NULL,'2022-01-10',NULL),
  (21,'GLOBAL',NULL,'Jack',NULL,'Hughes',NULL,'2022-03-01',NULL),
  (22,'GLOBAL',NULL,'Mei',NULL,'Lin',NULL,'2022-04-15',NULL),
  (23,'GLOBAL',NULL,'Ryan',NULL,'Kelly',NULL,'2022-05-20',NULL),
  (24,'GLOBAL',NULL,'Zara',NULL,'Khan',NULL,'2022-07-01',NULL),
  (25,'GLOBAL',NULL,'Oliver',NULL,'Wood',NULL,'2022-08-15',NULL),
  (26,'GLOBAL',NULL,'Nkechi',NULL,'Eze',NULL,'2022-09-20',NULL),
  (27,'GLOBAL',NULL,'Isla',NULL,'Campbell',NULL,'2022-11-01',NULL),
  (28,'GLOBAL',NULL,'Arjun',NULL,'Singh',NULL,'2023-01-10',NULL),
  (29,'GLOBAL',NULL,'Emily',NULL,'Watson',NULL,'2023-02-20',NULL),
  (30,'GLOBAL',NULL,'Kofi',NULL,'Mensah',NULL,'2023-04-01',NULL),
  (31,'GLOBAL',NULL,'Grace',NULL,'Liu',NULL,'2023-06-15',NULL),
  (32,'GLOBAL',NULL,'Nathan',NULL,'Clarke',NULL,'2023-07-20',NULL),
  (33,'GLOBAL',NULL,'Amara',NULL,'Diallo',NULL,'2023-09-01',NULL),
  (34,'GLOBAL',NULL,'Harry',NULL,'Thompson',NULL,'2023-10-15',NULL),
  (35,'GLOBAL',NULL,'Suki',NULL,'Nakamura',NULL,'2023-11-20',NULL),
  (36,'GLOBAL',NULL,'Ben',NULL,'Carter',NULL,'2024-01-08',NULL),
  (37,'GLOBAL',NULL,'Rosa',NULL,'Fernandez',NULL,'2024-02-15',NULL),
  (38,'GLOBAL',NULL,'Callum',NULL,'Stewart',NULL,'2024-03-20',NULL),
  (39,'GLOBAL',NULL,'Adaeze',NULL,'Nwankwo',NULL,'2021-03-10',NULL),
  (40,'GLOBAL',NULL,'Marcus',NULL,'Johnson',NULL,'2021-12-01',NULL),
  (41,'GLOBAL',NULL,'Freya',NULL,'Nielsen',NULL,'2022-02-14',NULL),
  (42,'GLOBAL',NULL,'Ibrahim',NULL,'Yusuf',NULL,'2022-06-01',NULL),
  (43,'GLOBAL',NULL,'Lucy',NULL,'Adams',NULL,'2020-07-15',NULL),
  (44,'GLOBAL',NULL,'Tomasz',NULL,'Nowak',NULL,'2021-09-20',NULL),
  (45,'GLOBAL',NULL,'Chloe',NULL,'Baker',NULL,'2020-04-01',NULL),
  (46,'GLOBAL',NULL,'Ravi',NULL,'Krishnan',NULL,'2022-01-15',NULL),
  (47,'GLOBAL',NULL,'Olivia',NULL,'Scott',NULL,'2020-10-01',NULL),
  (48,'GLOBAL',NULL,'Victoria',NULL,'Chang',NULL,'2019-04-01',NULL),
  (49,'GLOBAL',NULL,'George',NULL,'Whitfield',NULL,'2020-02-15',NULL),
  (50,'GLOBAL',NULL,'Amina',NULL,'Begum',NULL,'2021-05-20',NULL),
  (51,'GLOBAL',NULL,'Patricia',NULL,'Okafor',NULL,'2019-07-10',NULL),
  (52,'GLOBAL',NULL,'Simon',NULL,'Gallagher',NULL,'2020-11-20',NULL),
  (53,'GLOBAL',NULL,'Henry',NULL,'Osei',NULL,'2019-11-01',NULL),
  (54,'GLOBAL',NULL,'Jessica',NULL,'Park',NULL,'2019-08-15',NULL),
  (55,'GLOBAL',NULL,'Tariq',NULL,'Ali',NULL,'2021-01-10',NULL),
  (56,'GLOBAL',NULL,'Fiona',NULL,'McLeod',NULL,'2023-03-15',NULL),
  (57,'GLOBAL',NULL,'Robert',NULL,'Achebe',NULL,'2019-05-20',NULL),
  (58,'GLOBAL',NULL,'Natasha',NULL,'Volkov',NULL,'2022-04-01',NULL),
  (59,'GLOBAL',NULL,'William',NULL,'Nkomo',NULL,'2019-10-10',NULL),
  (60,'GLOBAL',NULL,'Catherine',NULL,'Doyle',NULL,'2022-08-01',NULL),
  (61,'GLOBAL',NULL,'Peter',NULL,'Nowak',NULL,'2021-03-15','2025-03-01'),
  (62,'GLOBAL',NULL,'Sandra',NULL,'Kim',NULL,'2022-09-01','2025-04-15'),
  (63,'GLOBAL',NULL,'Derek',NULL,'Shaw',NULL,'2023-06-01','2025-05-20'),
  (64,'GLOBAL',NULL,'Monica',NULL,'Reyes',NULL,'2021-07-10','2025-06-10'),
  (65,'GLOBAL',NULL,'Alan',NULL,'Foster',NULL,'2022-11-15','2025-07-01'),
  (66,'GLOBAL',NULL,'Ingrid',NULL,'Larsen',NULL,'2021-04-01','2025-08-15'),
  (67,'GLOBAL',NULL,'Chidi',NULL,'Okonkwo',NULL,'2022-05-10','2025-09-01'),
  (68,'GLOBAL',NULL,'Karen',NULL,'Mitchell',NULL,'2021-08-20','2025-10-15'),
  (69,'GLOBAL',NULL,'Youssef',NULL,'El-Amin',NULL,'2021-11-05','2025-11-20'),
  (70,'GLOBAL',NULL,'Lisa',NULL,'Zhang',NULL,'2022-01-20','2025-12-01'),
  (71,'GLOBAL',NULL,'Paul',NULL,'Bennett',NULL,'2021-06-15','2025-04-01'),
  (72,'GLOBAL',NULL,'Diana',NULL,'Rossi',NULL,'2022-03-10','2025-07-15'),
  (73,'GLOBAL',NULL,'Trevor',NULL,'Grant',NULL,'2022-08-01','2025-05-01'),
  (74,'GLOBAL',NULL,'Nina',NULL,'Johansson',NULL,'2022-10-20','2025-09-15'),
  (75,'GLOBAL',NULL,'Samuel',NULL,'Obeng',NULL,'2022-07-15','2025-06-20'),
  (76,'GLOBAL',NULL,'Rachel',NULL,'Cooper',NULL,'2023-01-10','2025-10-01'),
  (77,'GLOBAL',NULL,'Ahmed',NULL,'Hassan',NULL,'2023-02-15','2025-08-01'),
  (78,'GLOBAL',NULL,'Wendy',NULL,'Griffiths',NULL,'2023-05-01','2025-11-15'),
  (79,'GLOBAL',NULL,'Ian',NULL,'Wallace',NULL,'2023-01-20','2025-07-20'),
  (80,'GLOBAL',NULL,'Joanna',NULL,'Price',NULL,'2023-08-10','2025-12-15');

INSERT INTO hcm_person_emails (person_id,email_type,email_address,is_primary) VALUES
  (1,'WORK','james.okonkwo@oraclefusion.co.uk',TRUE),
  (2,'WORK','sarah.chen@oraclefusion.co.uk',TRUE),
  (3,'WORK','priya.sharma@oraclefusion.co.uk',TRUE),
  (4,'WORK','david.williams@oraclefusion.co.uk',TRUE),
  (5,'WORK','fatima.al-hassan@oraclefusion.co.uk',TRUE),
  (6,'WORK','michael.brown@oraclefusion.co.uk',TRUE),
  (7,'WORK','aisha.patel@oraclefusion.co.uk',TRUE),
  (8,'WORK','tom.richardson@oraclefusion.co.uk',TRUE),
  (9,'WORK','elena.kowalski@oraclefusion.co.uk',TRUE),
  (10,'WORK','raj.gupta@oraclefusion.co.uk',TRUE),
  (11,'WORK','hannah.taylor@oraclefusion.co.uk',TRUE),
  (12,'WORK','kwame.asante@oraclefusion.co.uk',TRUE),
  (13,'WORK','sophie.martin@oraclefusion.co.uk',TRUE),
  (14,'WORK','omar.hussain@oraclefusion.co.uk',TRUE),
  (15,'WORK','charlotte.evans@oraclefusion.co.uk',TRUE),
  (16,'WORK','yuki.tanaka@oraclefusion.co.uk',TRUE),
  (17,'WORK','daniel.murphy@oraclefusion.co.uk',TRUE),
  (18,'WORK','blessing.obi@oraclefusion.co.uk',TRUE),
  (19,'WORK','liam.obrien@oraclefusion.co.uk',TRUE),
  (20,'WORK','anya.petrova@oraclefusion.co.uk',TRUE),
  (21,'WORK','jack.hughes@oraclefusion.co.uk',TRUE),
  (22,'WORK','mei.lin@oraclefusion.co.uk',TRUE),
  (23,'WORK','ryan.kelly@oraclefusion.co.uk',TRUE),
  (24,'WORK','zara.khan@oraclefusion.co.uk',TRUE),
  (25,'WORK','oliver.wood@oraclefusion.co.uk',TRUE),
  (26,'WORK','nkechi.eze@oraclefusion.co.uk',TRUE),
  (27,'WORK','isla.campbell@oraclefusion.co.uk',TRUE),
  (28,'WORK','arjun.singh@oraclefusion.co.uk',TRUE),
  (29,'WORK','emily.watson@oraclefusion.co.uk',TRUE),
  (30,'WORK','kofi.mensah@oraclefusion.co.uk',TRUE),
  (31,'WORK','grace.liu@oraclefusion.co.uk',TRUE),
  (32,'WORK','nathan.clarke@oraclefusion.co.uk',TRUE),
  (33,'WORK','amara.diallo@oraclefusion.co.uk',TRUE),
  (34,'WORK','harry.thompson@oraclefusion.co.uk',TRUE),
  (35,'WORK','suki.nakamura@oraclefusion.co.uk',TRUE),
  (36,'WORK','ben.carter@oraclefusion.co.uk',TRUE),
  (37,'WORK','rosa.fernandez@oraclefusion.co.uk',TRUE),
  (38,'WORK','callum.stewart@oraclefusion.co.uk',TRUE),
  (39,'WORK','adaeze.nwankwo@oraclefusion.co.uk',TRUE),
  (40,'WORK','marcus.johnson@oraclefusion.co.uk',TRUE),
  (41,'WORK','freya.nielsen@oraclefusion.co.uk',TRUE),
  (42,'WORK','ibrahim.yusuf@oraclefusion.co.uk',TRUE),
  (43,'WORK','lucy.adams@oraclefusion.co.uk',TRUE),
  (44,'WORK','tomasz.nowak@oraclefusion.co.uk',TRUE),
  (45,'WORK','chloe.baker@oraclefusion.co.uk',TRUE),
  (46,'WORK','ravi.krishnan@oraclefusion.co.uk',TRUE),
  (47,'WORK','olivia.scott@oraclefusion.co.uk',TRUE),
  (48,'WORK','victoria.chang@oraclefusion.co.uk',TRUE),
  (49,'WORK','george.whitfield@oraclefusion.co.uk',TRUE),
  (50,'WORK','amina.begum@oraclefusion.co.uk',TRUE),
  (51,'WORK','patricia.okafor@oraclefusion.co.uk',TRUE),
  (52,'WORK','simon.gallagher@oraclefusion.co.uk',TRUE),
  (53,'WORK','henry.osei@oraclefusion.co.uk',TRUE),
  (54,'WORK','jessica.park@oraclefusion.co.uk',TRUE),
  (55,'WORK','tariq.ali@oraclefusion.co.uk',TRUE),
  (56,'WORK','fiona.mcleod@oraclefusion.co.uk',TRUE),
  (57,'WORK','robert.achebe@oraclefusion.co.uk',TRUE),
  (58,'WORK','natasha.volkov@oraclefusion.co.uk',TRUE),
  (59,'WORK','william.nkomo@oraclefusion.co.uk',TRUE),
  (60,'WORK','catherine.doyle@oraclefusion.co.uk',TRUE),
  (61,'WORK','peter.nowak@oraclefusion.co.uk',TRUE),
  (62,'WORK','sandra.kim@oraclefusion.co.uk',TRUE),
  (63,'WORK','derek.shaw@oraclefusion.co.uk',TRUE),
  (64,'WORK','monica.reyes@oraclefusion.co.uk',TRUE),
  (65,'WORK','alan.foster@oraclefusion.co.uk',TRUE),
  (66,'WORK','ingrid.larsen@oraclefusion.co.uk',TRUE),
  (67,'WORK','chidi.okonkwo@oraclefusion.co.uk',TRUE),
  (68,'WORK','karen.mitchell@oraclefusion.co.uk',TRUE),
  (69,'WORK','youssef.el-amin@oraclefusion.co.uk',TRUE),
  (70,'WORK','lisa.zhang@oraclefusion.co.uk',TRUE),
  (71,'WORK','paul.bennett@oraclefusion.co.uk',TRUE),
  (72,'WORK','diana.rossi@oraclefusion.co.uk',TRUE),
  (73,'WORK','trevor.grant@oraclefusion.co.uk',TRUE),
  (74,'WORK','nina.johansson@oraclefusion.co.uk',TRUE),
  (75,'WORK','samuel.obeng@oraclefusion.co.uk',TRUE),
  (76,'WORK','rachel.cooper@oraclefusion.co.uk',TRUE),
  (77,'WORK','ahmed.hassan@oraclefusion.co.uk',TRUE),
  (78,'WORK','wendy.griffiths@oraclefusion.co.uk',TRUE),
  (79,'WORK','ian.wallace@oraclefusion.co.uk',TRUE),
  (80,'WORK','joanna.price@oraclefusion.co.uk',TRUE);

INSERT INTO hcm_employment_periods (person_id,period_type,start_date,end_date,status) VALUES
  (1,'EMPLOYEE','2019-03-15',NULL,'ACTIVE'),
  (2,'EMPLOYEE','2019-06-01',NULL,'ACTIVE'),
  (3,'EMPLOYEE','2019-09-12',NULL,'ACTIVE'),
  (4,'EMPLOYEE','2020-01-20',NULL,'ACTIVE'),
  (5,'EMPLOYEE','2020-03-10',NULL,'ACTIVE'),
  (6,'EMPLOYEE','2020-05-18',NULL,'ACTIVE'),
  (7,'EMPLOYEE','2020-06-22',NULL,'ACTIVE'),
  (8,'EMPLOYEE','2020-08-03',NULL,'ACTIVE'),
  (9,'EMPLOYEE','2020-09-14',NULL,'ACTIVE'),
  (10,'EMPLOYEE','2020-11-01',NULL,'ACTIVE'),
  (11,'EMPLOYEE','2021-01-15',NULL,'ACTIVE'),
  (12,'EMPLOYEE','2021-02-20',NULL,'ACTIVE'),
  (13,'EMPLOYEE','2021-04-05',NULL,'ACTIVE'),
  (14,'EMPLOYEE','2021-05-10',NULL,'ACTIVE'),
  (15,'EMPLOYEE','2021-06-14',NULL,'ACTIVE'),
  (16,'EMPLOYEE','2021-07-19',NULL,'ACTIVE'),
  (17,'EMPLOYEE','2021-08-23',NULL,'ACTIVE'),
  (18,'EMPLOYEE','2021-10-01',NULL,'ACTIVE'),
  (19,'EMPLOYEE','2021-11-15',NULL,'ACTIVE'),
  (20,'EMPLOYEE','2022-01-10',NULL,'ACTIVE'),
  (21,'EMPLOYEE','2022-03-01',NULL,'ACTIVE'),
  (22,'EMPLOYEE','2022-04-15',NULL,'ACTIVE'),
  (23,'EMPLOYEE','2022-05-20',NULL,'ACTIVE'),
  (24,'EMPLOYEE','2022-07-01',NULL,'ACTIVE'),
  (25,'EMPLOYEE','2022-08-15',NULL,'ACTIVE'),
  (26,'EMPLOYEE','2022-09-20',NULL,'ACTIVE'),
  (27,'EMPLOYEE','2022-11-01',NULL,'ACTIVE'),
  (28,'EMPLOYEE','2023-01-10',NULL,'ACTIVE'),
  (29,'EMPLOYEE','2023-02-20',NULL,'ACTIVE'),
  (30,'EMPLOYEE','2023-04-01',NULL,'ACTIVE'),
  (31,'EMPLOYEE','2023-06-15',NULL,'ACTIVE'),
  (32,'EMPLOYEE','2023-07-20',NULL,'ACTIVE'),
  (33,'EMPLOYEE','2023-09-01',NULL,'ACTIVE'),
  (34,'EMPLOYEE','2023-10-15',NULL,'ACTIVE'),
  (35,'EMPLOYEE','2023-11-20',NULL,'ACTIVE'),
  (36,'EMPLOYEE','2024-01-08',NULL,'ACTIVE'),
  (37,'EMPLOYEE','2024-02-15',NULL,'ACTIVE'),
  (38,'EMPLOYEE','2024-03-20',NULL,'ACTIVE'),
  (39,'EMPLOYEE','2021-03-10',NULL,'ACTIVE'),
  (40,'EMPLOYEE','2021-12-01',NULL,'ACTIVE'),
  (41,'EMPLOYEE','2022-02-14',NULL,'ACTIVE'),
  (42,'EMPLOYEE','2022-06-01',NULL,'ACTIVE'),
  (43,'EMPLOYEE','2020-07-15',NULL,'ACTIVE'),
  (44,'EMPLOYEE','2021-09-20',NULL,'ACTIVE'),
  (45,'EMPLOYEE','2020-04-01',NULL,'ACTIVE'),
  (46,'EMPLOYEE','2022-01-15',NULL,'ACTIVE'),
  (47,'EMPLOYEE','2020-10-01',NULL,'ACTIVE'),
  (48,'EMPLOYEE','2019-04-01',NULL,'ACTIVE'),
  (49,'EMPLOYEE','2020-02-15',NULL,'ACTIVE'),
  (50,'EMPLOYEE','2021-05-20',NULL,'ACTIVE'),
  (51,'EMPLOYEE','2019-07-10',NULL,'ACTIVE'),
  (52,'EMPLOYEE','2020-11-20',NULL,'ACTIVE'),
  (53,'EMPLOYEE','2019-11-01',NULL,'ACTIVE'),
  (54,'EMPLOYEE','2019-08-15',NULL,'ACTIVE'),
  (55,'EMPLOYEE','2021-01-10',NULL,'ACTIVE'),
  (56,'EMPLOYEE','2023-03-15',NULL,'ACTIVE'),
  (57,'EMPLOYEE','2019-05-20',NULL,'ACTIVE'),
  (58,'EMPLOYEE','2022-04-01',NULL,'ACTIVE'),
  (59,'EMPLOYEE','2019-10-10',NULL,'ACTIVE'),
  (60,'EMPLOYEE','2022-08-01',NULL,'ACTIVE'),
  (61,'EMPLOYEE','2021-03-15','2025-03-01','INACTIVE'),
  (62,'EMPLOYEE','2022-09-01','2025-04-15','INACTIVE'),
  (63,'EMPLOYEE','2023-06-01','2025-05-20','INACTIVE'),
  (64,'EMPLOYEE','2021-07-10','2025-06-10','INACTIVE'),
  (65,'EMPLOYEE','2022-11-15','2025-07-01','INACTIVE'),
  (66,'EMPLOYEE','2021-04-01','2025-08-15','INACTIVE'),
  (67,'EMPLOYEE','2022-05-10','2025-09-01','INACTIVE'),
  (68,'EMPLOYEE','2021-08-20','2025-10-15','INACTIVE'),
  (69,'EMPLOYEE','2021-11-05','2025-11-20','INACTIVE'),
  (70,'EMPLOYEE','2022-01-20','2025-12-01','INACTIVE'),
  (71,'EMPLOYEE','2021-06-15','2025-04-01','INACTIVE'),
  (72,'EMPLOYEE','2022-03-10','2025-07-15','INACTIVE'),
  (73,'EMPLOYEE','2022-08-01','2025-05-01','INACTIVE'),
  (74,'EMPLOYEE','2022-10-20','2025-09-15','INACTIVE'),
  (75,'EMPLOYEE','2022-07-15','2025-06-20','INACTIVE'),
  (76,'EMPLOYEE','2023-01-10','2025-10-01','INACTIVE'),
  (77,'EMPLOYEE','2023-02-15','2025-08-01','INACTIVE'),
  (78,'EMPLOYEE','2023-05-01','2025-11-15','INACTIVE'),
  (79,'EMPLOYEE','2023-01-20','2025-07-20','INACTIVE'),
  (80,'EMPLOYEE','2023-08-10','2025-12-15','INACTIVE');

INSERT INTO hcm_assignments (assignment_number,person_id,position_id,dept_id,org_id,grade_id,job_id,location_id,assignment_type,assignment_status,employment_status,job_title,salary,salary_currency,manager_person_id,effective_from,effective_to) VALUES
  ('ASN0001',1,NULL,1,1,6,NULL,1,'PRIMARY','ACTIVE','ACTIVE','VP of Engineering',118000,'GBP',NULL,'2019-03-15',NULL),
  ('ASN0002',2,NULL,1,1,6,NULL,1,'PRIMARY','ACTIVE','ACTIVE','Engineering Director',112000,'GBP',1,'2019-06-01',NULL),
  ('ASN0003',3,NULL,1,1,5,NULL,1,'PRIMARY','ACTIVE','ACTIVE','Senior Staff Engineer',102000,'GBP',1,'2019-09-12',NULL),
  ('ASN0004',4,NULL,1,1,5,NULL,2,'PRIMARY','ACTIVE','ACTIVE','Staff Engineer',96000,'GBP',1,'2020-01-20',NULL),
  ('ASN0005',5,NULL,1,1,5,NULL,1,'PRIMARY','ACTIVE','ACTIVE','Staff Engineer',94000,'GBP',1,'2020-03-10',NULL),
  ('ASN0006',6,NULL,1,1,4,NULL,4,'PRIMARY','ACTIVE','ACTIVE','Senior Engineer',82000,'GBP',2,'2020-05-18',NULL),
  ('ASN0007',7,NULL,1,1,4,NULL,1,'PRIMARY','ACTIVE','ACTIVE','Senior Engineer',79000,'GBP',2,'2020-06-22',NULL),
  ('ASN0008',8,NULL,1,1,4,NULL,2,'PRIMARY','ACTIVE','ACTIVE','Senior Engineer',76000,'GBP',2,'2020-08-03',NULL),
  ('ASN0009',9,NULL,1,1,4,NULL,3,'PRIMARY','ACTIVE','ACTIVE','Senior Engineer',74000,'GBP',2,'2020-09-14',NULL),
  ('ASN0010',10,NULL,1,1,4,NULL,1,'PRIMARY','ACTIVE','ACTIVE','Senior Engineer',72000,'GBP',3,'2020-11-01',NULL),
  ('ASN0011',11,NULL,1,1,3,NULL,4,'PRIMARY','ACTIVE','ACTIVE','Engineer',62000,'GBP',6,'2021-01-15',NULL),
  ('ASN0012',12,NULL,1,1,3,NULL,1,'PRIMARY','ACTIVE','ACTIVE','Engineer',60000,'GBP',6,'2021-02-20',NULL),
  ('ASN0013',13,NULL,1,1,3,NULL,2,'PRIMARY','ACTIVE','ACTIVE','Engineer',58000,'GBP',7,'2021-04-05',NULL),
  ('ASN0014',14,NULL,1,1,3,NULL,1,'PRIMARY','ACTIVE','ACTIVE','Engineer',56000,'GBP',7,'2021-05-10',NULL),
  ('ASN0015',15,NULL,1,1,3,NULL,4,'PRIMARY','ACTIVE','ACTIVE','Engineer',55000,'GBP',8,'2021-06-14',NULL),
  ('ASN0016',16,NULL,1,1,3,NULL,3,'PRIMARY','ACTIVE','ACTIVE','Engineer',54000,'GBP',8,'2021-07-19',NULL),
  ('ASN0017',17,NULL,1,1,3,NULL,1,'PRIMARY','ACTIVE','ACTIVE','Engineer',52000,'GBP',9,'2021-08-23',NULL),
  ('ASN0018',18,NULL,1,1,3,NULL,4,'PRIMARY','ACTIVE','ACTIVE','Engineer',51000,'GBP',9,'2021-10-01',NULL),
  ('ASN0019',19,NULL,1,1,3,NULL,2,'PRIMARY','ACTIVE','ACTIVE','Engineer',50000,'GBP',10,'2021-11-15',NULL),
  ('ASN0020',20,NULL,1,1,3,NULL,1,'PRIMARY','ACTIVE','ACTIVE','Engineer',49000,'GBP',10,'2022-01-10',NULL),
  ('ASN0021',21,NULL,1,1,2,NULL,1,'PRIMARY','ACTIVE','ACTIVE','Junior Engineer',45000,'GBP',11,'2022-03-01',NULL),
  ('ASN0022',22,NULL,1,1,2,NULL,4,'PRIMARY','ACTIVE','ACTIVE','Junior Engineer',44000,'GBP',11,'2022-04-15',NULL),
  ('ASN0023',23,NULL,1,1,2,NULL,3,'PRIMARY','ACTIVE','ACTIVE','Junior Engineer',43000,'GBP',12,'2022-05-20',NULL),
  ('ASN0024',24,NULL,1,1,2,NULL,1,'PRIMARY','ACTIVE','ACTIVE','Junior Engineer',42000,'GBP',12,'2022-07-01',NULL),
  ('ASN0025',25,NULL,1,1,2,NULL,2,'PRIMARY','ACTIVE','ACTIVE','Junior Engineer',41000,'GBP',13,'2022-08-15',NULL),
  ('ASN0026',26,NULL,1,1,2,NULL,1,'PRIMARY','ACTIVE','ACTIVE','Junior Engineer',40000,'GBP',13,'2022-09-20',NULL),
  ('ASN0027',27,NULL,1,1,2,NULL,4,'PRIMARY','ACTIVE','ACTIVE','Junior Engineer',39000,'GBP',14,'2022-11-01',NULL),
  ('ASN0028',28,NULL,1,1,2,NULL,1,'PRIMARY','ACTIVE','ACTIVE','Junior Engineer',38000,'GBP',14,'2023-01-10',NULL),
  ('ASN0029',29,NULL,1,1,2,NULL,2,'PRIMARY','ACTIVE','ACTIVE','Junior Engineer',37000,'GBP',15,'2023-02-20',NULL),
  ('ASN0030',30,NULL,1,1,2,NULL,3,'PRIMARY','ACTIVE','ACTIVE','Junior Engineer',36000,'GBP',15,'2023-04-01',NULL),
  ('ASN0031',31,NULL,1,1,1,NULL,1,'PRIMARY','ACTIVE','ACTIVE','Graduate Engineer',34000,'GBP',16,'2023-06-15',NULL),
  ('ASN0032',32,NULL,1,1,1,NULL,4,'PRIMARY','ACTIVE','ACTIVE','Graduate Engineer',33000,'GBP',16,'2023-07-20',NULL),
  ('ASN0033',33,NULL,1,1,1,NULL,1,'PRIMARY','ACTIVE','ACTIVE','Graduate Engineer',32000,'GBP',17,'2023-09-01',NULL),
  ('ASN0034',34,NULL,1,1,1,NULL,2,'PRIMARY','ACTIVE','ACTIVE','Graduate Engineer',31000,'GBP',17,'2023-10-15',NULL),
  ('ASN0035',35,NULL,1,1,1,NULL,1,'PRIMARY','ACTIVE','ACTIVE','Graduate Engineer',30000,'GBP',18,'2023-11-20',NULL),
  ('ASN0036',36,NULL,1,1,1,NULL,4,'PRIMARY','ACTIVE','ACTIVE','Graduate Engineer',29000,'GBP',18,'2024-01-08',NULL),
  ('ASN0037',37,NULL,1,1,1,NULL,3,'PRIMARY','ACTIVE','ACTIVE','Graduate Engineer',28500,'GBP',19,'2024-02-15',NULL),
  ('ASN0038',38,NULL,1,1,1,NULL,1,'PRIMARY','ACTIVE','ACTIVE','Graduate Engineer',28000,'GBP',19,'2024-03-20',NULL),
  ('ASN0039',39,NULL,1,1,3,NULL,1,'PRIMARY','ACTIVE','ACTIVE','DevOps Engineer',63000,'GBP',3,'2021-03-10',NULL),
  ('ASN0040',40,NULL,1,1,3,NULL,4,'PRIMARY','ACTIVE','ACTIVE','DevOps Engineer',61000,'GBP',3,'2021-12-01',NULL),
  ('ASN0041',41,NULL,1,1,3,NULL,2,'PRIMARY','ACTIVE','ACTIVE','QA Engineer',57000,'GBP',4,'2022-02-14',NULL),
  ('ASN0042',42,NULL,1,1,2,NULL,1,'PRIMARY','ACTIVE','ACTIVE','QA Engineer',46000,'GBP',4,'2022-06-01',NULL),
  ('ASN0043',43,NULL,1,1,4,NULL,1,'PRIMARY','ACTIVE','ACTIVE','Data Engineer',78000,'GBP',3,'2020-07-15',NULL),
  ('ASN0044',44,NULL,1,1,3,NULL,4,'PRIMARY','ACTIVE','ACTIVE','Data Engineer',59000,'GBP',43,'2021-09-20',NULL),
  ('ASN0045',45,NULL,1,1,4,NULL,1,'PRIMARY','ACTIVE','ACTIVE','Platform Engineer',80000,'GBP',2,'2020-04-01',NULL),
  ('ASN0046',46,NULL,1,1,3,NULL,3,'PRIMARY','ACTIVE','ACTIVE','Platform Engineer',64000,'GBP',45,'2022-01-15',NULL),
  ('ASN0047',47,NULL,1,1,4,NULL,1,'PRIMARY','ACTIVE','ACTIVE','Security Engineer',83000,'GBP',1,'2020-10-01',NULL),
  ('ASN0048',48,NULL,2,1,6,NULL,1,'PRIMARY','ACTIVE','ACTIVE','Finance Director',115000,'GBP',NULL,'2019-04-01',NULL),
  ('ASN0049',49,NULL,2,1,4,NULL,1,'PRIMARY','ACTIVE','ACTIVE','Senior Accountant',75000,'GBP',48,'2020-02-15',NULL),
  ('ASN0050',50,NULL,2,1,3,NULL,2,'PRIMARY','ACTIVE','ACTIVE','Financial Analyst',58000,'GBP',48,'2021-05-20',NULL),
  ('ASN0051',51,NULL,3,1,6,NULL,1,'PRIMARY','ACTIVE','ACTIVE','HR Director',110000,'GBP',NULL,'2019-07-10',NULL),
  ('ASN0052',52,NULL,3,1,4,NULL,4,'PRIMARY','ACTIVE','ACTIVE','HR Business Partner',71000,'GBP',51,'2020-11-20',NULL),
  ('ASN0053',53,NULL,4,1,5,NULL,1,'PRIMARY','ACTIVE','ACTIVE','Procurement Manager',88000,'GBP',NULL,'2019-11-01',NULL),
  ('ASN0054',54,NULL,5,1,6,NULL,1,'PRIMARY','ACTIVE','ACTIVE','Marketing Director',108000,'GBP',NULL,'2019-08-15',NULL),
  ('ASN0055',55,NULL,5,1,4,NULL,4,'PRIMARY','ACTIVE','ACTIVE','Marketing Manager',70000,'GBP',54,'2021-01-10',NULL),
  ('ASN0056',56,NULL,5,1,2,NULL,2,'PRIMARY','ACTIVE','ACTIVE','Content Specialist',42000,'GBP',54,'2023-03-15',NULL),
  ('ASN0057',57,NULL,6,1,6,NULL,1,'PRIMARY','ACTIVE','ACTIVE','Sales Director',116000,'GBP',NULL,'2019-05-20',NULL),
  ('ASN0058',58,NULL,6,1,3,NULL,3,'PRIMARY','ACTIVE','ACTIVE','Account Executive',55000,'GBP',57,'2022-04-01',NULL),
  ('ASN0059',59,NULL,7,1,6,NULL,1,'PRIMARY','ACTIVE','ACTIVE','Operations Director',109000,'GBP',NULL,'2019-10-10',NULL),
  ('ASN0060',60,NULL,7,1,3,NULL,4,'PRIMARY','ACTIVE','ACTIVE','Operations Analyst',53000,'GBP',59,'2022-08-01',NULL),
  ('ASN0061',61,NULL,1,1,3,NULL,1,'PRIMARY','INACTIVE','TERMINATED','Engineer',55000,'GBP',6,'2021-03-15','2025-03-01'),
  ('ASN0062',62,NULL,1,1,2,NULL,4,'PRIMARY','INACTIVE','TERMINATED','Junior Engineer',40000,'GBP',11,'2022-09-01','2025-04-15'),
  ('ASN0063',63,NULL,1,1,1,NULL,2,'PRIMARY','INACTIVE','TERMINATED','Graduate Engineer',30000,'GBP',16,'2023-06-01','2025-05-20'),
  ('ASN0064',64,NULL,1,1,3,NULL,3,'PRIMARY','INACTIVE','TERMINATED','Engineer',54000,'GBP',7,'2021-07-10','2025-06-10'),
  ('ASN0065',65,NULL,1,1,2,NULL,1,'PRIMARY','INACTIVE','TERMINATED','Junior Engineer',41000,'GBP',12,'2022-11-15','2025-07-01'),
  ('ASN0066',66,NULL,1,1,3,NULL,4,'PRIMARY','INACTIVE','TERMINATED','DevOps Engineer',58000,'GBP',3,'2021-04-01','2025-08-15'),
  ('ASN0067',67,NULL,1,1,2,NULL,1,'PRIMARY','INACTIVE','TERMINATED','QA Engineer',44000,'GBP',4,'2022-05-10','2025-09-01'),
  ('ASN0068',68,NULL,1,1,3,NULL,2,'PRIMARY','INACTIVE','TERMINATED','Data Engineer',57000,'GBP',43,'2021-08-20','2025-10-15'),
  ('ASN0069',69,NULL,1,1,3,NULL,1,'PRIMARY','INACTIVE','TERMINATED','Platform Engineer',60000,'GBP',45,'2021-11-05','2025-11-20'),
  ('ASN0070',70,NULL,1,1,3,NULL,4,'PRIMARY','INACTIVE','TERMINATED','Engineer',53000,'GBP',8,'2022-01-20','2025-12-01'),
  ('ASN0071',71,NULL,2,1,3,NULL,1,'PRIMARY','INACTIVE','TERMINATED','Accountant',52000,'GBP',48,'2021-06-15','2025-04-01'),
  ('ASN0072',72,NULL,2,1,2,NULL,2,'PRIMARY','INACTIVE','TERMINATED','Financial Analyst',45000,'GBP',48,'2022-03-10','2025-07-15'),
  ('ASN0073',73,NULL,3,1,2,NULL,3,'PRIMARY','INACTIVE','TERMINATED','HR Coordinator',40000,'GBP',51,'2022-08-01','2025-05-01'),
  ('ASN0074',74,NULL,3,1,2,NULL,1,'PRIMARY','INACTIVE','TERMINATED','Recruiter',42000,'GBP',51,'2022-10-20','2025-09-15'),
  ('ASN0075',75,NULL,4,1,2,NULL,4,'PRIMARY','INACTIVE','TERMINATED','Procurement Analyst',43000,'GBP',53,'2022-07-15','2025-06-20'),
  ('ASN0076',76,NULL,4,1,2,NULL,1,'PRIMARY','INACTIVE','TERMINATED','Buyer',41000,'GBP',53,'2023-01-10','2025-10-01'),
  ('ASN0077',77,NULL,5,1,2,NULL,2,'PRIMARY','INACTIVE','TERMINATED','Digital Marketer',39000,'GBP',54,'2023-02-15','2025-08-01'),
  ('ASN0078',78,NULL,5,1,2,NULL,1,'PRIMARY','INACTIVE','TERMINATED','Marketing Analyst',38000,'GBP',54,'2023-05-01','2025-11-15'),
  ('ASN0079',79,NULL,6,1,2,NULL,4,'PRIMARY','INACTIVE','TERMINATED','Sales Rep',40000,'GBP',57,'2023-01-20','2025-07-20'),
  ('ASN0080',80,NULL,7,1,1,NULL,3,'PRIMARY','INACTIVE','TERMINATED','Ops Coordinator',30000,'GBP',59,'2023-08-10','2025-12-15');

INSERT INTO hcm_termination_reasons (reason_code,reason_name,reason_category,is_voluntary) VALUES
  ('VOL_RES','Voluntary Resignation','VOLUNTARY',TRUE),
  ('REDUNDANCY','Redundancy','INVOLUNTARY',FALSE),
  ('RETIREMENT','Retirement','VOLUNTARY',TRUE),
  ('END_CONTRACT','End of Contract','INVOLUNTARY',FALSE),
  ('MISCONDUCT','Gross Misconduct','INVOLUNTARY',FALSE);

INSERT INTO hcm_workforce_actions (person_id,assignment_id,action_type,action_reason,effective_date,reason_id,old_value,new_value,processed_by) VALUES
  (61,61,'HIRE',NULL,'2021-03-15',NULL,NULL,NULL,NULL),
  (61,61,'TERMINATE','Voluntary','2025-03-01',1,NULL,NULL,NULL),
  (62,62,'HIRE',NULL,'2022-09-01',NULL,NULL,NULL,NULL),
  (62,62,'TERMINATE','Voluntary','2025-04-15',1,NULL,NULL,NULL),
  (63,63,'HIRE',NULL,'2023-06-01',NULL,NULL,NULL,NULL),
  (63,63,'TERMINATE','Voluntary','2025-05-20',1,NULL,NULL,NULL),
  (64,64,'HIRE',NULL,'2021-07-10',NULL,NULL,NULL,NULL),
  (64,64,'TERMINATE','Voluntary','2025-06-10',1,NULL,NULL,NULL),
  (65,65,'HIRE',NULL,'2022-11-15',NULL,NULL,NULL,NULL),
  (65,65,'TERMINATE','Voluntary','2025-07-01',1,NULL,NULL,NULL),
  (66,66,'HIRE',NULL,'2021-04-01',NULL,NULL,NULL,NULL),
  (66,66,'TERMINATE','Voluntary','2025-08-15',1,NULL,NULL,NULL),
  (67,67,'HIRE',NULL,'2022-05-10',NULL,NULL,NULL,NULL),
  (67,67,'TERMINATE','Voluntary','2025-09-01',1,NULL,NULL,NULL),
  (68,68,'HIRE',NULL,'2021-08-20',NULL,NULL,NULL,NULL),
  (68,68,'TERMINATE','Voluntary','2025-10-15',1,NULL,NULL,NULL),
  (69,69,'HIRE',NULL,'2021-11-05',NULL,NULL,NULL,NULL),
  (69,69,'TERMINATE','Voluntary','2025-11-20',1,NULL,NULL,NULL),
  (70,70,'HIRE',NULL,'2022-01-20',NULL,NULL,NULL,NULL),
  (70,70,'TERMINATE','Voluntary','2025-12-01',1,NULL,NULL,NULL),
  (71,71,'HIRE',NULL,'2021-06-15',NULL,NULL,NULL,NULL),
  (71,71,'TERMINATE','Voluntary','2025-04-01',1,NULL,NULL,NULL),
  (72,72,'HIRE',NULL,'2022-03-10',NULL,NULL,NULL,NULL),
  (72,72,'TERMINATE','Voluntary','2025-07-15',1,NULL,NULL,NULL),
  (73,73,'HIRE',NULL,'2022-08-01',NULL,NULL,NULL,NULL),
  (73,73,'TERMINATE','Voluntary','2025-05-01',1,NULL,NULL,NULL),
  (74,74,'HIRE',NULL,'2022-10-20',NULL,NULL,NULL,NULL),
  (74,74,'TERMINATE','Voluntary','2025-09-15',1,NULL,NULL,NULL),
  (75,75,'HIRE',NULL,'2022-07-15',NULL,NULL,NULL,NULL),
  (75,75,'TERMINATE','Voluntary','2025-06-20',1,NULL,NULL,NULL),
  (76,76,'HIRE',NULL,'2023-01-10',NULL,NULL,NULL,NULL),
  (76,76,'TERMINATE','Voluntary','2025-10-01',1,NULL,NULL,NULL),
  (77,77,'HIRE',NULL,'2023-02-15',NULL,NULL,NULL,NULL),
  (77,77,'TERMINATE','Voluntary','2025-08-01',1,NULL,NULL,NULL),
  (78,78,'HIRE',NULL,'2023-05-01',NULL,NULL,NULL,NULL),
  (78,78,'TERMINATE','Voluntary','2025-11-15',1,NULL,NULL,NULL),
  (79,79,'HIRE',NULL,'2023-01-20',NULL,NULL,NULL,NULL),
  (79,79,'TERMINATE','Voluntary','2025-07-20',1,NULL,NULL,NULL),
  (80,80,'HIRE',NULL,'2023-08-10',NULL,NULL,NULL,NULL),
  (80,80,'TERMINATE','Voluntary','2025-12-15',1,NULL,NULL,NULL);

INSERT INTO hcm_salary_history (assignment_id,old_salary,new_salary,change_reason,effective_date,currency,approved_by) VALUES
  (1,NULL,118000,'HIRE','2019-03-15','GBP',NULL),
  (2,NULL,112000,'HIRE','2019-06-01','GBP',NULL),
  (3,NULL,102000,'HIRE','2019-09-12','GBP',NULL),
  (4,NULL,96000,'HIRE','2020-01-20','GBP',NULL),
  (5,NULL,94000,'HIRE','2020-03-10','GBP',NULL),
  (6,NULL,82000,'HIRE','2020-05-18','GBP',NULL),
  (7,NULL,79000,'HIRE','2020-06-22','GBP',NULL),
  (8,NULL,76000,'HIRE','2020-08-03','GBP',NULL),
  (9,NULL,74000,'HIRE','2020-09-14','GBP',NULL),
  (10,NULL,72000,'HIRE','2020-11-01','GBP',NULL);

INSERT INTO hcm_performance_reviews (person_id,reviewer_person_id,review_period,review_type,overall_rating,rating_score,goals_met_pct,comments,status,review_date) VALUES
  (1,NULL,'FY2025','ANNUAL','Exceeds Expectations',4.2,88.5,NULL,'COMPLETED','2025-06-15'),
  (2,1,'FY2025','ANNUAL','Exceeds Expectations',4.2,88.5,NULL,'COMPLETED','2025-06-15'),
  (3,1,'FY2025','ANNUAL','Exceeds Expectations',4.2,88.5,NULL,'COMPLETED','2025-06-15'),
  (4,1,'FY2025','ANNUAL','Exceeds Expectations',4.2,88.5,NULL,'COMPLETED','2025-06-15'),
  (5,1,'FY2025','ANNUAL','Exceeds Expectations',4.2,88.5,NULL,'COMPLETED','2025-06-15'),
  (6,1,'FY2025','ANNUAL','Exceeds Expectations',4.2,88.5,NULL,'COMPLETED','2025-06-15'),
  (7,1,'FY2025','ANNUAL','Exceeds Expectations',4.2,88.5,NULL,'COMPLETED','2025-06-15'),
  (8,1,'FY2025','ANNUAL','Exceeds Expectations',4.2,88.5,NULL,'COMPLETED','2025-06-15'),
  (9,1,'FY2025','ANNUAL','Exceeds Expectations',4.2,88.5,NULL,'COMPLETED','2025-06-15'),
  (10,1,'FY2025','ANNUAL','Exceeds Expectations',4.2,88.5,NULL,'COMPLETED','2025-06-15'),
  (11,1,'FY2025','ANNUAL','Exceeds Expectations',4.2,88.5,NULL,'COMPLETED','2025-06-15'),
  (12,1,'FY2025','ANNUAL','Exceeds Expectations',4.2,88.5,NULL,'COMPLETED','2025-06-15'),
  (13,1,'FY2025','ANNUAL','Exceeds Expectations',4.2,88.5,NULL,'COMPLETED','2025-06-15'),
  (14,1,'FY2025','ANNUAL','Exceeds Expectations',4.2,88.5,NULL,'COMPLETED','2025-06-15'),
  (15,1,'FY2025','ANNUAL','Exceeds Expectations',4.2,88.5,NULL,'COMPLETED','2025-06-15'),
  (16,1,'FY2025','ANNUAL','Exceeds Expectations',4.2,88.5,NULL,'COMPLETED','2025-06-15'),
  (17,1,'FY2025','ANNUAL','Exceeds Expectations',4.2,88.5,NULL,'COMPLETED','2025-06-15'),
  (18,1,'FY2025','ANNUAL','Exceeds Expectations',4.2,88.5,NULL,'COMPLETED','2025-06-15'),
  (19,1,'FY2025','ANNUAL','Exceeds Expectations',4.2,88.5,NULL,'COMPLETED','2025-06-15'),
  (20,1,'FY2025','ANNUAL','Exceeds Expectations',4.2,88.5,NULL,'COMPLETED','2025-06-15');

INSERT INTO hcm_training_records (person_id,course_name,course_category,provider,completion_date,score,status,certificate_id) VALUES
  (1,'Cloud Architecture Fundamentals','Technical','AWS','2025-03-15',92.5,'COMPLETED','CERT-0001'),
  (2,'Cloud Architecture Fundamentals','Technical','AWS','2025-03-15',92.5,'COMPLETED','CERT-0002'),
  (3,'Cloud Architecture Fundamentals','Technical','AWS','2025-03-15',92.5,'COMPLETED','CERT-0003'),
  (4,'Cloud Architecture Fundamentals','Technical','AWS','2025-03-15',92.5,'COMPLETED','CERT-0004'),
  (5,'Cloud Architecture Fundamentals','Technical','AWS','2025-03-15',92.5,'COMPLETED','CERT-0005'),
  (6,'Cloud Architecture Fundamentals','Technical','AWS','2025-03-15',92.5,'COMPLETED','CERT-0006'),
  (7,'Cloud Architecture Fundamentals','Technical','AWS','2025-03-15',92.5,'COMPLETED','CERT-0007'),
  (8,'Cloud Architecture Fundamentals','Technical','AWS','2025-03-15',92.5,'COMPLETED','CERT-0008'),
  (9,'Cloud Architecture Fundamentals','Technical','AWS','2025-03-15',92.5,'COMPLETED','CERT-0009'),
  (10,'Cloud Architecture Fundamentals','Technical','AWS','2025-03-15',92.5,'COMPLETED','CERT-0010'),
  (11,'Cloud Architecture Fundamentals','Technical','AWS','2025-03-15',92.5,'COMPLETED','CERT-0011'),
  (12,'Cloud Architecture Fundamentals','Technical','AWS','2025-03-15',92.5,'COMPLETED','CERT-0012'),
  (13,'Cloud Architecture Fundamentals','Technical','AWS','2025-03-15',92.5,'COMPLETED','CERT-0013'),
  (14,'Cloud Architecture Fundamentals','Technical','AWS','2025-03-15',92.5,'COMPLETED','CERT-0014'),
  (15,'Cloud Architecture Fundamentals','Technical','AWS','2025-03-15',92.5,'COMPLETED','CERT-0015');

INSERT INTO hcm_payroll_runs (run_name,period_name,run_date,status,total_gross,total_deductions,total_net,employee_count) VALUES
  ('January 2025 Payroll','JAN-2025','2025-01-28','COMPLETED',420000,126000,294000,60),
  ('February 2025 Payroll','FEB-2025','2025-02-28','COMPLETED',420000,126000,294000,60);

INSERT INTO hcm_compensation_elements (assignment_id,element_type,element_name,amount,frequency,currency,effective_from,effective_to) VALUES
  (1,'BASE_SALARY','Base Pay',118000,'MONTHLY','GBP','2025-01-01',NULL),
  (2,'BASE_SALARY','Base Pay',112000,'MONTHLY','GBP','2025-01-01',NULL),
  (3,'BASE_SALARY','Base Pay',102000,'MONTHLY','GBP','2025-01-01',NULL),
  (4,'BASE_SALARY','Base Pay',96000,'MONTHLY','GBP','2025-01-01',NULL),
  (5,'BASE_SALARY','Base Pay',94000,'MONTHLY','GBP','2025-01-01',NULL),
  (6,'BASE_SALARY','Base Pay',82000,'MONTHLY','GBP','2025-01-01',NULL),
  (7,'BASE_SALARY','Base Pay',79000,'MONTHLY','GBP','2025-01-01',NULL),
  (8,'BASE_SALARY','Base Pay',76000,'MONTHLY','GBP','2025-01-01',NULL),
  (9,'BASE_SALARY','Base Pay',74000,'MONTHLY','GBP','2025-01-01',NULL),
  (10,'BASE_SALARY','Base Pay',72000,'MONTHLY','GBP','2025-01-01',NULL);


-- ================================================================
-- FINANCE SEED DATA
-- ================================================================

INSERT INTO fin_ledgers (ledger_code,ledger_name,currency,calendar_type,status) VALUES
  ('LED001','UK Primary Ledger','GBP','FISCAL','ACTIVE');

INSERT INTO fin_chart_of_accounts (coa_code,coa_name,ledger_id,status) VALUES
  ('COA001','UK Standard COA',1,'ACTIVE');

INSERT INTO fin_coa_segments (coa_id,segment_name,segment_number,segment_type,value_set) VALUES
  (1,'Company',1,'BALANCING','COMPANY_VS'),
  (1,'Cost Centre',2,'COST_CENTER','CC_VS'),
  (1,'Account',3,'NATURAL_ACCOUNT','ACCT_VS'),
  (1,'Project',4,'OPTIONAL','PROJ_VS');

INSERT INTO fin_cost_centres (cost_centre_code,cost_centre_name,dept_id,manager_person_id,status) VALUES
  ('CC001','Engineering',1,NULL,'ACTIVE'),
  ('CC002','Finance',2,NULL,'ACTIVE'),
  ('CC004','HR',3,NULL,'ACTIVE'),
  ('CC005','Procurement',4,NULL,'ACTIVE'),
  ('CC003','Marketing',5,NULL,'ACTIVE'),
  ('CC006','Sales',6,NULL,'ACTIVE'),
  ('CC007','Operations',7,NULL,'ACTIVE'),
  ('CC008','IT',8,NULL,'ACTIVE'),
  ('CC009','Legal',9,NULL,'ACTIVE'),
  ('CC010','Executive',10,NULL,'ACTIVE');

INSERT INTO fin_account_codes (account_code,account_name,account_type,coa_id) VALUES
  ('5001','Salaries & Wages','EXPENSE',1),
  ('5002','Benefits','EXPENSE',1),
  ('5003','Travel & Entertainment','EXPENSE',1),
  ('5004','Software Licenses','EXPENSE',1),
  ('5005','Hardware','EXPENSE',1),
  ('5006','Consulting Fees','EXPENSE',1),
  ('5007','Facilities','EXPENSE',1),
  ('5008','Marketing Spend','EXPENSE',1),
  ('5009','Legal Fees','EXPENSE',1),
  ('5010','Depreciation','EXPENSE',1),
  ('4001','Product Revenue','REVENUE',1),
  ('4002','Service Revenue','REVENUE',1),
  ('1001','Cash & Bank','ASSET',1),
  ('1002','Accounts Receivable','ASSET',1),
  ('2001','Accounts Payable','LIABILITY',1),
  ('2002','Accrued Expenses','LIABILITY',1);

INSERT INTO fin_reporting_periods (period_name,fiscal_year,fiscal_quarter,period_number,start_date,end_date,status) VALUES
  ('JAN-2025',2025,1,1,'2025-01-01','2025-01-28','CLOSED'),
  ('FEB-2025',2025,1,2,'2025-02-01','2025-02-28','CLOSED'),
  ('MAR-2025',2025,1,3,'2025-03-01','2025-03-28','CLOSED'),
  ('APR-2025',2025,2,4,'2025-04-01','2025-04-28','CLOSED'),
  ('MAY-2025',2025,2,5,'2025-05-01','2025-05-28','CLOSED'),
  ('JUN-2025',2025,2,6,'2025-06-01','2025-06-28','CLOSED'),
  ('JUL-2025',2025,3,7,'2025-07-01','2025-07-28','CLOSED'),
  ('AUG-2025',2025,3,8,'2025-08-01','2025-08-28','CLOSED'),
  ('SEP-2025',2025,3,9,'2025-09-01','2025-09-28','CLOSED'),
  ('OCT-2025',2025,4,10,'2025-10-01','2025-10-28','CLOSED'),
  ('NOV-2025',2025,4,11,'2025-11-01','2025-11-28','CLOSED'),
  ('DEC-2025',2025,4,12,'2025-12-01','2025-12-28','CLOSED'),
  ('JAN-2026',2026,1,1,'2026-01-01','2026-01-28','OPEN');

INSERT INTO fin_currency_rates (from_currency,to_currency,exchange_rate,rate_type,effective_date) VALUES
  ('GBP','USD',1.27,'SPOT','2025-01-01'),
  ('GBP','EUR',1.16,'SPOT','2025-01-01'),
  ('USD','GBP',0.79,'SPOT','2025-01-01'),
  ('EUR','GBP',0.86,'SPOT','2025-01-01');

INSERT INTO fin_gl_balances (cost_centre_id,account_code_id,period_name,fiscal_year,fiscal_quarter,period_debit,period_credit,period_net,begin_balance,end_balance,currency) VALUES
  (1,1,'JAN-2025',2025,1,420000,0,420000,0,420000,'GBP'),
  (1,1,'FEB-2025',2025,1,418000,0,418000,0,418000,'GBP'),
  (1,1,'MAR-2025',2025,1,425000,0,425000,0,425000,'GBP'),
  (1,1,'APR-2025',2025,2,432000,0,432000,0,432000,'GBP'),
  (1,1,'MAY-2025',2025,2,428000,0,428000,0,428000,'GBP'),
  (1,1,'JUN-2025',2025,2,436000,0,436000,0,436000,'GBP'),
  (1,1,'JUL-2025',2025,3,440000,0,440000,0,440000,'GBP'),
  (1,1,'AUG-2025',2025,3,438000,0,438000,0,438000,'GBP'),
  (1,1,'SEP-2025',2025,3,442000,0,442000,0,442000,'GBP'),
  (1,1,'OCT-2025',2025,4,445000,0,445000,0,445000,'GBP'),
  (1,1,'NOV-2025',2025,4,443000,0,443000,0,443000,'GBP'),
  (1,1,'DEC-2025',2025,4,448000,0,448000,0,448000,'GBP'),
  (1,1,'JAN-2026',2026,1,450000,0,450000,0,450000,'GBP'),
  (2,2,'JAN-2025',2025,1,85000,0,85000,0,85000,'GBP'),
  (2,2,'FEB-2025',2025,1,87000,0,87000,0,87000,'GBP'),
  (2,2,'MAR-2025',2025,1,88000,0,88000,0,88000,'GBP'),
  (2,2,'APR-2025',2025,2,89000,0,89000,0,89000,'GBP'),
  (2,2,'MAY-2025',2025,2,86000,0,86000,0,86000,'GBP'),
  (2,2,'JUN-2025',2025,2,91000,0,91000,0,91000,'GBP'),
  (2,2,'JUL-2025',2025,3,88000,0,88000,0,88000,'GBP'),
  (2,2,'AUG-2025',2025,3,87000,0,87000,0,87000,'GBP'),
  (2,2,'SEP-2025',2025,3,90000,0,90000,0,90000,'GBP'),
  (2,2,'OCT-2025',2025,4,89000,0,89000,0,89000,'GBP'),
  (2,2,'NOV-2025',2025,4,88000,0,88000,0,88000,'GBP'),
  (2,2,'DEC-2025',2025,4,92000,0,92000,0,92000,'GBP'),
  (2,2,'JAN-2026',2026,1,90000,0,90000,0,90000,'GBP'),
  (5,8,'JAN-2025',2025,1,140000,0,140000,0,140000,'GBP'),
  (5,8,'FEB-2025',2025,1,142000,0,142000,0,142000,'GBP'),
  (5,8,'MAR-2025',2025,1,145000,0,145000,0,145000,'GBP'),
  (5,8,'APR-2025',2025,2,148000,0,148000,0,148000,'GBP'),
  (5,8,'MAY-2025',2025,2,147000,0,147000,0,147000,'GBP'),
  (5,8,'JUN-2025',2025,2,149000,0,149000,0,149000,'GBP'),
  (5,8,'JUL-2025',2025,3,151000,0,151000,0,151000,'GBP'),
  (5,8,'AUG-2025',2025,3,148000,0,148000,0,148000,'GBP'),
  (5,8,'SEP-2025',2025,3,152000,0,152000,0,152000,'GBP'),
  (5,8,'OCT-2025',2025,4,162000,0,162000,0,162000,'GBP'),
  (5,8,'NOV-2025',2025,4,158000,0,158000,0,158000,'GBP'),
  (5,8,'DEC-2025',2025,4,171000,0,171000,0,171000,'GBP'),
  (5,8,'JAN-2026',2026,1,155000,0,155000,0,155000,'GBP'),
  (3,2,'JAN-2025',2025,1,60000,0,60000,0,60000,'GBP'),
  (3,2,'FEB-2025',2025,1,62000,0,62000,0,62000,'GBP'),
  (3,2,'MAR-2025',2025,1,63000,0,63000,0,63000,'GBP'),
  (3,2,'APR-2025',2025,2,64000,0,64000,0,64000,'GBP'),
  (3,2,'MAY-2025',2025,2,61000,0,61000,0,61000,'GBP'),
  (3,2,'JUN-2025',2025,2,66000,0,66000,0,66000,'GBP'),
  (3,2,'JUL-2025',2025,3,63000,0,63000,0,63000,'GBP'),
  (3,2,'AUG-2025',2025,3,64000,0,64000,0,64000,'GBP'),
  (3,2,'SEP-2025',2025,3,65000,0,65000,0,65000,'GBP'),
  (3,2,'OCT-2025',2025,4,66000,0,66000,0,66000,'GBP'),
  (3,2,'NOV-2025',2025,4,64000,0,64000,0,64000,'GBP'),
  (3,2,'DEC-2025',2025,4,67000,0,67000,0,67000,'GBP'),
  (3,2,'JAN-2026',2026,1,65000,0,65000,0,65000,'GBP'),
  (4,6,'JAN-2025',2025,1,50000,0,50000,0,50000,'GBP'),
  (4,6,'FEB-2025',2025,1,51000,0,51000,0,51000,'GBP'),
  (4,6,'MAR-2025',2025,1,53000,0,53000,0,53000,'GBP'),
  (4,6,'APR-2025',2025,2,54000,0,54000,0,54000,'GBP'),
  (4,6,'MAY-2025',2025,2,52000,0,52000,0,52000,'GBP'),
  (4,6,'JUN-2025',2025,2,55000,0,55000,0,55000,'GBP'),
  (4,6,'JUL-2025',2025,3,53000,0,53000,0,53000,'GBP'),
  (4,6,'AUG-2025',2025,3,54000,0,54000,0,54000,'GBP'),
  (4,6,'SEP-2025',2025,3,56000,0,56000,0,56000,'GBP'),
  (4,6,'OCT-2025',2025,4,55000,0,55000,0,55000,'GBP'),
  (4,6,'NOV-2025',2025,4,54000,0,54000,0,54000,'GBP'),
  (4,6,'DEC-2025',2025,4,57000,0,57000,0,57000,'GBP'),
  (4,6,'JAN-2026',2026,1,55000,0,55000,0,55000,'GBP'),
  (6,1,'JAN-2025',2025,1,180000,0,180000,0,180000,'GBP'),
  (6,1,'FEB-2025',2025,1,182000,0,182000,0,182000,'GBP'),
  (6,1,'MAR-2025',2025,1,184000,0,184000,0,184000,'GBP'),
  (6,1,'APR-2025',2025,2,183000,0,183000,0,183000,'GBP'),
  (6,1,'MAY-2025',2025,2,186000,0,186000,0,186000,'GBP'),
  (6,1,'JUN-2025',2025,2,181000,0,181000,0,181000,'GBP'),
  (6,1,'JUL-2025',2025,3,185000,0,185000,0,185000,'GBP'),
  (6,1,'AUG-2025',2025,3,184000,0,184000,0,184000,'GBP'),
  (6,1,'SEP-2025',2025,3,187000,0,187000,0,187000,'GBP'),
  (6,1,'OCT-2025',2025,4,186000,0,186000,0,186000,'GBP'),
  (6,1,'NOV-2025',2025,4,185000,0,185000,0,185000,'GBP'),
  (6,1,'DEC-2025',2025,4,189000,0,189000,0,189000,'GBP'),
  (6,1,'JAN-2026',2026,1,187000,0,187000,0,187000,'GBP'),
  (7,7,'JAN-2025',2025,1,95000,0,95000,0,95000,'GBP'),
  (7,7,'FEB-2025',2025,1,97000,0,97000,0,97000,'GBP'),
  (7,7,'MAR-2025',2025,1,98000,0,98000,0,98000,'GBP'),
  (7,7,'APR-2025',2025,2,99000,0,99000,0,99000,'GBP'),
  (7,7,'MAY-2025',2025,2,96000,0,96000,0,96000,'GBP'),
  (7,7,'JUN-2025',2025,2,101000,0,101000,0,101000,'GBP'),
  (7,7,'JUL-2025',2025,3,98000,0,98000,0,98000,'GBP'),
  (7,7,'AUG-2025',2025,3,99000,0,99000,0,99000,'GBP'),
  (7,7,'SEP-2025',2025,3,100000,0,100000,0,100000,'GBP'),
  (7,7,'OCT-2025',2025,4,102000,0,102000,0,102000,'GBP'),
  (7,7,'NOV-2025',2025,4,99000,0,99000,0,99000,'GBP'),
  (7,7,'DEC-2025',2025,4,103000,0,103000,0,103000,'GBP'),
  (7,7,'JAN-2026',2026,1,100000,0,100000,0,100000,'GBP'),
  (8,4,'JAN-2025',2025,1,200000,0,200000,0,200000,'GBP'),
  (8,4,'FEB-2025',2025,1,205000,0,205000,0,205000,'GBP'),
  (8,4,'MAR-2025',2025,1,208000,0,208000,0,208000,'GBP'),
  (8,4,'APR-2025',2025,2,210000,0,210000,0,210000,'GBP'),
  (8,4,'MAY-2025',2025,2,207000,0,207000,0,207000,'GBP'),
  (8,4,'JUN-2025',2025,2,212000,0,212000,0,212000,'GBP'),
  (8,4,'JUL-2025',2025,3,209000,0,209000,0,209000,'GBP'),
  (8,4,'AUG-2025',2025,3,211000,0,211000,0,211000,'GBP'),
  (8,4,'SEP-2025',2025,3,214000,0,214000,0,214000,'GBP'),
  (8,4,'OCT-2025',2025,4,216000,0,216000,0,216000,'GBP'),
  (8,4,'NOV-2025',2025,4,213000,0,213000,0,213000,'GBP'),
  (8,4,'DEC-2025',2025,4,218000,0,218000,0,218000,'GBP'),
  (8,4,'JAN-2026',2026,1,215000,0,215000,0,215000,'GBP'),
  (9,9,'JAN-2025',2025,1,70000,0,70000,0,70000,'GBP'),
  (9,9,'FEB-2025',2025,1,72000,0,72000,0,72000,'GBP'),
  (9,9,'MAR-2025',2025,1,74000,0,74000,0,74000,'GBP'),
  (9,9,'APR-2025',2025,2,73000,0,73000,0,73000,'GBP'),
  (9,9,'MAY-2025',2025,2,71000,0,71000,0,71000,'GBP'),
  (9,9,'JUN-2025',2025,2,76000,0,76000,0,76000,'GBP'),
  (9,9,'JUL-2025',2025,3,74000,0,74000,0,74000,'GBP'),
  (9,9,'AUG-2025',2025,3,73000,0,73000,0,73000,'GBP'),
  (9,9,'SEP-2025',2025,3,75000,0,75000,0,75000,'GBP'),
  (9,9,'OCT-2025',2025,4,76000,0,76000,0,76000,'GBP'),
  (9,9,'NOV-2025',2025,4,74000,0,74000,0,74000,'GBP'),
  (9,9,'DEC-2025',2025,4,77000,0,77000,0,77000,'GBP'),
  (9,9,'JAN-2026',2026,1,75000,0,75000,0,75000,'GBP'),
  (10,1,'JAN-2025',2025,1,300000,0,300000,0,300000,'GBP'),
  (10,1,'FEB-2025',2025,1,305000,0,305000,0,305000,'GBP'),
  (10,1,'MAR-2025',2025,1,310000,0,310000,0,310000,'GBP'),
  (10,1,'APR-2025',2025,2,315000,0,315000,0,315000,'GBP'),
  (10,1,'MAY-2025',2025,2,312000,0,312000,0,312000,'GBP'),
  (10,1,'JUN-2025',2025,2,318000,0,318000,0,318000,'GBP'),
  (10,1,'JUL-2025',2025,3,310000,0,310000,0,310000,'GBP'),
  (10,1,'AUG-2025',2025,3,316000,0,316000,0,316000,'GBP'),
  (10,1,'SEP-2025',2025,3,320000,0,320000,0,320000,'GBP'),
  (10,1,'OCT-2025',2025,4,322000,0,322000,0,322000,'GBP'),
  (10,1,'NOV-2025',2025,4,318000,0,318000,0,318000,'GBP'),
  (10,1,'DEC-2025',2025,4,328000,0,328000,0,328000,'GBP'),
  (10,1,'JAN-2026',2026,1,325000,0,325000,0,325000,'GBP');

INSERT INTO fin_budget_versions (version_name,version_type,fiscal_year,status) VALUES
  ('FY2025 Original','ORIGINAL',2025,'APPROVED'),
  ('FY2025 Revised Q3','REVISED',2025,'APPROVED'),
  ('FY2026 Original','ORIGINAL',2026,'DRAFT');

INSERT INTO fin_budget_headers (budget_name,ledger_id,budget_version_id,fiscal_year,total_amount,status) VALUES
  ('FY2025 Operating Budget',1,1,2025,25000000,'APPROVED'),
  ('FY2026 Operating Budget',1,3,2026,27000000,'DRAFT');

INSERT INTO fin_budget_lines (budget_header_id,cost_centre_id,account_code_id,period_name,amount) VALUES
  (1,1,1,'JAN-2025',430000),
  (1,2,1,'JAN-2025',90000),
  (1,3,1,'JAN-2025',150000),
  (1,4,1,'JAN-2025',65000),
  (1,5,1,'JAN-2025',55000),
  (1,6,1,'JAN-2025',185000),
  (1,7,1,'JAN-2025',100000),
  (1,8,1,'JAN-2025',210000),
  (1,9,1,'JAN-2025',75000),
  (1,10,1,'JAN-2025',320000);


-- UNIFIED SUPPLIER MASTER
INSERT INTO sup_suppliers (supplier_number,supplier_name,tax_registration,payment_terms,supplier_type,risk_rating,qualification_status,status,country) VALUES
  ('SUP001','Capita Solutions Ltd','GB100000000','NET30','IT_SERVICES','LOW','QUALIFIED','ACTIVE','United Kingdom'),
  ('SUP002','Serco Group plc','GB100000001','NET30','IT_SERVICES','LOW','QUALIFIED','ACTIVE','United Kingdom'),
  ('SUP003','Computacenter UK','GB100000002','NET30','HARDWARE','LOW','QUALIFIED','ACTIVE','United Kingdom'),
  ('SUP004','BT Business','GB100000003','NET30','TELECOM','LOW','QUALIFIED','ACTIVE','United Kingdom'),
  ('SUP005','Vodafone UK Ltd','GB100000004','NET30','TELECOM','LOW','QUALIFIED','ACTIVE','United Kingdom'),
  ('SUP006','Lloyds Banking Group','GB100000005','NET30','FINANCIAL','LOW','QUALIFIED','ACTIVE','United Kingdom'),
  ('SUP007','Deloitte UK','GB100000006','NET30','CONSULTING','LOW','QUALIFIED','ACTIVE','United Kingdom'),
  ('SUP008','PwC UK','GB100000007','NET30','CONSULTING','LOW','QUALIFIED','ACTIVE','United Kingdom'),
  ('SUP009','KPMG UK','GB100000008','NET30','CONSULTING','MEDIUM','QUALIFIED','ACTIVE','United Kingdom'),
  ('SUP010','Ernst & Young LLP','GB100000009','NET30','CONSULTING','LOW','QUALIFIED','ACTIVE','United Kingdom'),
  ('SUP011','Accenture UK','GB100000010','NET45','IT_SERVICES','LOW','QUALIFIED','ACTIVE','United Kingdom'),
  ('SUP012','Wipro UK','GB100000011','NET30','IT_SERVICES','MEDIUM','QUALIFIED','ACTIVE','United Kingdom'),
  ('SUP013','Tata Consultancy Services','GB100000012','NET30','IT_SERVICES','LOW','QUALIFIED','ACTIVE','United Kingdom'),
  ('SUP014','Infosys BPM UK','GB100000013','NET30','IT_SERVICES','MEDIUM','QUALIFIED','ACTIVE','United Kingdom'),
  ('SUP015','Mace Group','GB100000014','NET30','FACILITIES','LOW','QUALIFIED','ACTIVE','United Kingdom'),
  ('SUP016','G4S UK','GB100000015','NET30','FACILITIES','HIGH','QUALIFIED','ACTIVE','United Kingdom'),
  ('SUP017','Balfour Beatty','GB100000016','NET45','CONSTRUCTION','LOW','QUALIFIED','ACTIVE','United Kingdom'),
  ('SUP018','Amey plc','GB100000017','NET30','FACILITIES','MEDIUM','QUALIFIED','ACTIVE','United Kingdom'),
  ('SUP019','Mitie Group','GB100000018','NET30','FACILITIES','LOW','QUALIFIED','ACTIVE','United Kingdom'),
  ('SUP020','Sodexo UK','GB100000019','NET30','FACILITIES','LOW','QUALIFIED','ACTIVE','United Kingdom');

INSERT INTO sup_supplier_sites (supplier_id,site_code,site_name,address_line1,city,postal_code,country,is_primary,status) VALUES
  (1,'SITE-SUP001','Capita Solutions Ltd Main Office','1 Business Park','London','EC1A 1BB','United Kingdom',TRUE,'ACTIVE'),
  (2,'SITE-SUP002','Serco Group plc Main Office','2 Business Park','London','EC1A 1BB','United Kingdom',TRUE,'ACTIVE'),
  (3,'SITE-SUP003','Computacenter UK Main Office','3 Business Park','London','EC1A 1BB','United Kingdom',TRUE,'ACTIVE'),
  (4,'SITE-SUP004','BT Business Main Office','4 Business Park','London','EC1A 1BB','United Kingdom',TRUE,'ACTIVE'),
  (5,'SITE-SUP005','Vodafone UK Ltd Main Office','5 Business Park','London','EC1A 1BB','United Kingdom',TRUE,'ACTIVE'),
  (6,'SITE-SUP006','Lloyds Banking Group Main Office','6 Business Park','London','EC1A 1BB','United Kingdom',TRUE,'ACTIVE'),
  (7,'SITE-SUP007','Deloitte UK Main Office','7 Business Park','London','EC1A 1BB','United Kingdom',TRUE,'ACTIVE'),
  (8,'SITE-SUP008','PwC UK Main Office','8 Business Park','London','EC1A 1BB','United Kingdom',TRUE,'ACTIVE'),
  (9,'SITE-SUP009','KPMG UK Main Office','9 Business Park','London','EC1A 1BB','United Kingdom',TRUE,'ACTIVE'),
  (10,'SITE-SUP010','Ernst & Young LLP Main Office','10 Business Park','London','EC1A 1BB','United Kingdom',TRUE,'ACTIVE'),
  (11,'SITE-SUP011','Accenture UK Main Office','11 Business Park','London','EC1A 1BB','United Kingdom',TRUE,'ACTIVE'),
  (12,'SITE-SUP012','Wipro UK Main Office','12 Business Park','London','EC1A 1BB','United Kingdom',TRUE,'ACTIVE'),
  (13,'SITE-SUP013','Tata Consultancy Services Main Office','13 Business Park','London','EC1A 1BB','United Kingdom',TRUE,'ACTIVE'),
  (14,'SITE-SUP014','Infosys BPM UK Main Office','14 Business Park','London','EC1A 1BB','United Kingdom',TRUE,'ACTIVE'),
  (15,'SITE-SUP015','Mace Group Main Office','15 Business Park','London','EC1A 1BB','United Kingdom',TRUE,'ACTIVE'),
  (16,'SITE-SUP016','G4S UK Main Office','16 Business Park','London','EC1A 1BB','United Kingdom',TRUE,'ACTIVE'),
  (17,'SITE-SUP017','Balfour Beatty Main Office','17 Business Park','London','EC1A 1BB','United Kingdom',TRUE,'ACTIVE'),
  (18,'SITE-SUP018','Amey plc Main Office','18 Business Park','London','EC1A 1BB','United Kingdom',TRUE,'ACTIVE'),
  (19,'SITE-SUP019','Mitie Group Main Office','19 Business Park','London','EC1A 1BB','United Kingdom',TRUE,'ACTIVE'),
  (20,'SITE-SUP020','Sodexo UK Main Office','20 Business Park','London','EC1A 1BB','United Kingdom',TRUE,'ACTIVE');

INSERT INTO sup_supplier_contacts (supplier_id,contact_name,job_title,email,phone,is_primary) VALUES
  (1,'John Smith','Account Manager','john.smith@capita.co.uk','+44 20 7946 0958',TRUE),
  (2,'Jane Smith','Account Manager','jane.smith@serco.co.uk','+44 20 7946 0958',TRUE),
  (3,'Mark Smith','Account Manager','mark.smith@computacenter.co.uk','+44 20 7946 0958',TRUE),
  (4,'Sarah Smith','Account Manager','sarah.smith@bt.co.uk','+44 20 7946 0958',TRUE),
  (5,'David Smith','Account Manager','david.smith@vodafone.co.uk','+44 20 7946 0958',TRUE),
  (6,'Emma Smith','Account Manager','emma.smith@lloyds.co.uk','+44 20 7946 0958',TRUE),
  (7,'Robert Smith','Account Manager','robert.smith@deloitte.co.uk','+44 20 7946 0958',TRUE),
  (8,'Lisa Smith','Account Manager','lisa.smith@pwc.co.uk','+44 20 7946 0958',TRUE),
  (9,'James Smith','Account Manager','james.smith@kpmg.co.uk','+44 20 7946 0958',TRUE),
  (10,'Anna Smith','Account Manager','anna.smith@ernst.co.uk','+44 20 7946 0958',TRUE),
  (11,'Michael Smith','Account Manager','michael.smith@accenture.co.uk','+44 20 7946 0958',TRUE),
  (12,'Kate Smith','Account Manager','kate.smith@wipro.co.uk','+44 20 7946 0958',TRUE),
  (13,'Thomas Smith','Account Manager','thomas.smith@tata.co.uk','+44 20 7946 0958',TRUE),
  (14,'Rachel Smith','Account Manager','rachel.smith@infosys.co.uk','+44 20 7946 0958',TRUE),
  (15,'Andrew Smith','Account Manager','andrew.smith@mace.co.uk','+44 20 7946 0958',TRUE),
  (16,'Helen Smith','Account Manager','helen.smith@g4s.co.uk','+44 20 7946 0958',TRUE),
  (17,'Peter Smith','Account Manager','peter.smith@balfour.co.uk','+44 20 7946 0958',TRUE),
  (18,'Susan Smith','Account Manager','susan.smith@amey.co.uk','+44 20 7946 0958',TRUE),
  (19,'Paul Smith','Account Manager','paul.smith@mitie.co.uk','+44 20 7946 0958',TRUE),
  (20,'Lucy Smith','Account Manager','lucy.smith@sodexo.co.uk','+44 20 7946 0958',TRUE);


-- AP INVOICES
INSERT INTO fin_ap_invoices (invoice_number,supplier_id,ledger_id,invoice_date,due_date,invoice_amount,paid_amount,outstanding_amount,currency,status) VALUES
  ('INV-2025-001',1,1,'2025-01-10','2025-02-10',25000,25000,0,'GBP','PAID'),
  ('INV-2025-002',2,1,'2025-01-15','2025-02-15',18500,18500,0,'GBP','PAID'),
  ('INV-2025-003',3,1,'2025-02-01','2025-03-01',42000,42000,0,'GBP','PAID'),
  ('INV-2025-004',4,1,'2025-02-10','2025-03-10',8500,8500,0,'GBP','PAID'),
  ('INV-2025-005',5,1,'2025-03-01','2025-04-01',12000,12000,0,'GBP','PAID'),
  ('INV-2025-006',6,1,'2025-03-15','2025-04-15',3200,3200,0,'GBP','PAID'),
  ('INV-2025-007',7,1,'2025-04-01','2025-05-01',65000,65000,0,'GBP','PAID'),
  ('INV-2025-008',8,1,'2025-04-15','2025-05-15',48000,48000,0,'GBP','PAID'),
  ('INV-2025-009',9,1,'2025-05-01','2025-06-01',35000,35000,0,'GBP','PAID'),
  ('INV-2025-010',10,1,'2025-05-15','2025-06-15',28000,28000,0,'GBP','PAID'),
  ('INV-2025-011',1,1,'2025-06-01','2025-07-01',15000,15000,0,'GBP','PAID'),
  ('INV-2025-012',11,1,'2025-06-15','2025-07-15',72000,72000,0,'GBP','PAID'),
  ('INV-2025-013',12,1,'2025-07-01','2025-08-01',22000,22000,0,'GBP','PAID'),
  ('INV-2025-014',13,1,'2025-07-15','2025-08-15',55000,55000,0,'GBP','PAID'),
  ('INV-2025-015',14,1,'2025-08-01','2025-09-01',31000,31000,0,'GBP','PAID'),
  ('INV-2025-016',15,1,'2025-09-01','2025-10-01',19500,0,19500,'GBP','APPROVED'),
  ('INV-2025-017',2,1,'2025-09-10','2025-10-10',24000,0,24000,'GBP','APPROVED'),
  ('INV-2025-018',3,1,'2025-09-15','2025-10-15',38000,0,38000,'GBP','APPROVED'),
  ('INV-2025-019',16,1,'2025-09-20','2025-10-20',7800,0,7800,'GBP','APPROVED'),
  ('INV-2025-020',4,1,'2025-10-01','2025-11-01',14200,0,14200,'GBP','APPROVED'),
  ('INV-2025-021',17,1,'2025-10-05','2025-11-05',85000,0,85000,'GBP','APPROVED'),
  ('INV-2025-022',5,1,'2025-10-10','2025-11-10',9800,0,9800,'GBP','APPROVED'),
  ('INV-2025-023',18,1,'2025-10-15','2025-11-15',16500,0,16500,'GBP','APPROVED'),
  ('INV-2025-024',6,1,'2025-10-20','2025-11-20',4500,0,4500,'GBP','APPROVED'),
  ('INV-2025-025',19,1,'2025-11-01','2025-12-01',21000,0,21000,'GBP','APPROVED'),
  ('INV-2025-026',7,1,'2025-11-10','2025-12-10',58000,0,58000,'GBP','APPROVED'),
  ('INV-2025-027',20,1,'2025-11-15','2025-12-15',11200,0,11200,'GBP','APPROVED'),
  ('INV-2025-028',8,1,'2025-11-20','2026-01-20',45000,0,45000,'GBP','PENDING'),
  ('INV-2025-029',9,1,'2025-11-25','2026-01-25',33000,0,33000,'GBP','PENDING'),
  ('INV-2025-030',10,1,'2025-12-01','2026-02-01',27500,0,27500,'GBP','PENDING');

INSERT INTO fin_ap_invoice_lines (invoice_id,line_number,description,quantity,unit_price,line_amount,po_line_id) VALUES
  (1,1,'Services - INV-2025-001',1,25000,25000,NULL),
  (2,1,'Services - INV-2025-002',1,18500,18500,NULL),
  (3,1,'Services - INV-2025-003',1,42000,42000,NULL),
  (4,1,'Services - INV-2025-004',1,8500,8500,NULL),
  (5,1,'Services - INV-2025-005',1,12000,12000,NULL),
  (6,1,'Services - INV-2025-006',1,3200,3200,NULL),
  (7,1,'Services - INV-2025-007',1,65000,65000,NULL),
  (8,1,'Services - INV-2025-008',1,48000,48000,NULL),
  (9,1,'Services - INV-2025-009',1,35000,35000,NULL),
  (10,1,'Services - INV-2025-010',1,28000,28000,NULL),
  (11,1,'Services - INV-2025-011',1,15000,15000,NULL),
  (12,1,'Services - INV-2025-012',1,72000,72000,NULL),
  (13,1,'Services - INV-2025-013',1,22000,22000,NULL),
  (14,1,'Services - INV-2025-014',1,55000,55000,NULL),
  (15,1,'Services - INV-2025-015',1,31000,31000,NULL),
  (16,1,'Services - INV-2025-016',1,19500,19500,NULL),
  (17,1,'Services - INV-2025-017',1,24000,24000,NULL),
  (18,1,'Services - INV-2025-018',1,38000,38000,NULL),
  (19,1,'Services - INV-2025-019',1,7800,7800,NULL),
  (20,1,'Services - INV-2025-020',1,14200,14200,NULL),
  (21,1,'Services - INV-2025-021',1,85000,85000,NULL),
  (22,1,'Services - INV-2025-022',1,9800,9800,NULL),
  (23,1,'Services - INV-2025-023',1,16500,16500,NULL),
  (24,1,'Services - INV-2025-024',1,4500,4500,NULL),
  (25,1,'Services - INV-2025-025',1,21000,21000,NULL),
  (26,1,'Services - INV-2025-026',1,58000,58000,NULL),
  (27,1,'Services - INV-2025-027',1,11200,11200,NULL),
  (28,1,'Services - INV-2025-028',1,45000,45000,NULL),
  (29,1,'Services - INV-2025-029',1,33000,33000,NULL),
  (30,1,'Services - INV-2025-030',1,27500,27500,NULL);

INSERT INTO fin_ap_payments (payment_number,supplier_id,payment_date,payment_amount,payment_method,reference,status) VALUES
  ('PAY-2025-001',1,'2025-02-10',25000,'BACS','BACS-0001','COMPLETED'),
  ('PAY-2025-002',2,'2025-02-15',18500,'BACS','BACS-0002','COMPLETED'),
  ('PAY-2025-003',3,'2025-03-01',42000,'BACS','BACS-0003','COMPLETED'),
  ('PAY-2025-004',4,'2025-03-10',8500,'BACS','BACS-0004','COMPLETED'),
  ('PAY-2025-005',5,'2025-04-01',12000,'BACS','BACS-0005','COMPLETED'),
  ('PAY-2025-006',6,'2025-04-15',3200,'BACS','BACS-0006','COMPLETED'),
  ('PAY-2025-007',7,'2025-05-01',65000,'BACS','BACS-0007','COMPLETED'),
  ('PAY-2025-008',8,'2025-05-15',48000,'BACS','BACS-0008','COMPLETED'),
  ('PAY-2025-009',9,'2025-06-01',35000,'BACS','BACS-0009','COMPLETED'),
  ('PAY-2025-010',10,'2025-06-15',28000,'BACS','BACS-0010','COMPLETED'),
  ('PAY-2025-011',1,'2025-07-01',15000,'BACS','BACS-0011','COMPLETED'),
  ('PAY-2025-012',11,'2025-07-15',72000,'BACS','BACS-0012','COMPLETED'),
  ('PAY-2025-013',12,'2025-08-01',22000,'BACS','BACS-0013','COMPLETED'),
  ('PAY-2025-014',13,'2025-08-15',55000,'BACS','BACS-0014','COMPLETED'),
  ('PAY-2025-015',14,'2025-09-01',31000,'BACS','BACS-0015','COMPLETED');

INSERT INTO fin_ar_customers (customer_number,customer_name,customer_type,payment_terms,credit_limit,status) VALUES
  ('CUST001','British Airways plc','ENTERPRISE','NET30',500000,'ACTIVE'),
  ('CUST002','Tesco plc','ENTERPRISE','NET30',300000,'ACTIVE'),
  ('CUST003','HSBC Holdings','ENTERPRISE','NET30',750000,'ACTIVE'),
  ('CUST004','National Grid','ENTERPRISE','NET45',400000,'ACTIVE'),
  ('CUST005','GlaxoSmithKline','ENTERPRISE','NET30',600000,'ACTIVE');

INSERT INTO fin_ar_invoices (invoice_number,customer_id,invoice_date,due_date,invoice_amount,paid_amount,outstanding,currency,status) VALUES
  ('AR-2025-001',1,'2025-03-01','2025-04-01',120000,120000,0,'GBP','CLOSED'),
  ('AR-2025-002',2,'2025-04-15','2025-05-15',85000,85000,0,'GBP','CLOSED'),
  ('AR-2025-003',3,'2025-06-01','2025-07-01',200000,150000,50000,'GBP','OPEN'),
  ('AR-2025-004',4,'2025-08-01','2025-09-01',95000,0,95000,'GBP','OPEN'),
  ('AR-2025-005',5,'2025-10-01','2025-11-01',175000,0,175000,'GBP','OPEN');

INSERT INTO fin_ar_receipts (receipt_number,ar_invoice_id,receipt_date,receipt_amount,payment_method,status) VALUES
  ('RCT-001',1,'2025-03-28',120000,'BACS','APPLIED'),
  ('RCT-002',2,'2025-05-10',85000,'BACS','APPLIED'),
  ('RCT-003',3,'2025-06-28',150000,'CHAPS','APPLIED');


-- ================================================================
-- PROCUREMENT SEED DATA
-- ================================================================

INSERT INTO proc_item_categories (category_code,category_name,parent_category_id,status) VALUES
  ('CAT001','IT Services',NULL,'ACTIVE'),
  ('CAT002','Hardware',NULL,'ACTIVE'),
  ('CAT003','Consulting',NULL,'ACTIVE'),
  ('CAT004','Facilities',NULL,'ACTIVE'),
  ('CAT005','Telecom',NULL,'ACTIVE'),
  ('CAT006','Software',1,'ACTIVE'),
  ('CAT007','Cloud Services',1,'ACTIVE'),
  ('CAT008','Server Hardware',2,'ACTIVE');

INSERT INTO proc_items (item_code,item_name,description,category_id,unit_of_measure,unit_price,item_type,status) VALUES
  ('ITM001','Cloud Migration Service','AWS/Azure migration consulting',1,'EACH',50000,'SERVICE','ACTIVE'),
  ('ITM002','Desktop PC','Dell OptiPlex workstation',2,'EACH',1200,'GOODS','ACTIVE'),
  ('ITM003','Audit Services','Annual external audit',3,'EACH',95000,'SERVICE','ACTIVE'),
  ('ITM004','Office Refurbishment','Workspace renovation',4,'EACH',220000,'SERVICE','ACTIVE'),
  ('ITM005','Network Assessment','Security assessment service',5,'EACH',45000,'SERVICE','ACTIVE'),
  ('ITM006','Software License','Enterprise license pack',6,'EACH',15000,'SERVICE','ACTIVE'),
  ('ITM007','Cloud Hosting','Monthly cloud compute',7,'MONTH',8000,'SERVICE','ACTIVE'),
  ('ITM008','Server','Dell PowerEdge R750',8,'EACH',12000,'GOODS','ACTIVE');

INSERT INTO proc_requisition_headers (requisition_number,requester_id,dept_id,description,total_amount,status,submitted_date,approved_date,approved_by) VALUES
  ('REQ-2025-001',1,1,'Cloud infrastructure upgrade',82000,'APPROVED','2025-09-01','2025-09-05',1),
  ('REQ-2025-002',48,2,'Annual audit services',95000,'APPROVED','2025-04-01','2025-04-05',48),
  ('REQ-2025-003',1,1,'SAP upgrade project',150000,'APPROVED','2025-05-01','2025-05-10',1),
  ('REQ-2025-004',59,7,'Office refurbishment',220000,'APPROVED','2025-03-01','2025-03-10',59),
  ('REQ-2025-005',53,4,'Desktop hardware refresh',65000,'APPROVED','2025-09-15','2025-09-20',53);

INSERT INTO proc_requisition_lines (requisition_id,line_number,item_id,description,quantity,unit_price,line_amount,need_by_date) VALUES
  (1,1,1,'Cloud Migration Phase 2',1,82000,82000,'2025-12-31'),
  (2,1,3,'FY2025 External Audit',1,95000,95000,'2025-06-30'),
  (3,1,1,'SAP S/4HANA Upgrade',1,150000,150000,'2025-12-31'),
  (4,1,4,'Office Refurb Phase 1',1,220000,220000,'2025-09-30'),
  (5,1,2,'50x Desktop PCs',50,1200,60000,'2025-12-31');

INSERT INTO proc_quotation_headers (quotation_number,engagement_id,engagement_name,supplier_id,original_amount,revised_amount,status,submission_date,category) VALUES
  ('QH001','E-201','SAP S/4HANA Upgrade',11,150000,165000,'APPROVED','2025-06-01','IT Services'),
  ('QH002','E-202','Annual Audit Services',7,95000,98500,'APPROVED','2025-05-15','Consulting'),
  ('QH003','E-203','Office Refurbishment Phase 1',15,220000,245000,'APPROVED','2025-04-01','Facilities'),
  ('QH004','E-204','Network Security Assessment',4,45000,48200,'APPROVED','2025-08-01','IT Services'),
  ('QH005','E-205','Cloud Infrastructure Migration Phase 2',3,82000,92180,'APPROVED','2025-10-01','IT Services'),
  ('QH006','E-206','HR System Implementation',12,180000,175000,'APPROVED','2025-03-10','IT Services'),
  ('QH007','E-207','Data Centre Consolidation',13,250000,262000,'APPROVED','2025-07-01','IT Services'),
  ('QH008','E-208','Cybersecurity Training Programme',14,35000,NULL,'REJECTED','2025-09-01','Consulting'),
  ('QH009','E-209','Facilities Management Contract',20,120000,125000,'APPROVED','2025-05-01','Facilities'),
  ('QH010','E-210','ERP Data Migration',9,78000,82000,'APPROVED','2025-08-15','Consulting'),
  ('QH011','E-211','Desktop Hardware Refresh',3,65000,62500,'APPROVED','2025-10-01','Hardware'),
  ('QH012','E-212','Legal Advisory Services',10,55000,57500,'APPROVED','2025-06-15','Consulting'),
  ('QH013','E-213','Cloud Telephony Migration',5,42000,44100,'APPROVED','2025-09-10','IT Services'),
  ('QH014','E-214','Security Guard Services',16,28000,29400,'APPROVED','2025-07-01','Facilities'),
  ('QH015','E-215','Payroll Processing Outsource',1,15000,NULL,'DRAFT','2025-11-01','Consulting');

INSERT INTO proc_quote_versions (quotation_header_id,version_number,version_amount,submitted_date,status,change_notes) VALUES
  (1,1,150000,'2025-06-01','SUBMITTED',NULL),
  (1,2,165000,'2025-06-01','APPROVED',NULL),
  (2,1,95000,'2025-05-15','SUBMITTED',NULL),
  (2,2,98500,'2025-05-15','APPROVED',NULL),
  (3,1,220000,'2025-04-01','SUBMITTED',NULL),
  (3,2,245000,'2025-04-01','APPROVED',NULL),
  (4,1,45000,'2025-08-01','SUBMITTED',NULL),
  (4,2,48200,'2025-08-01','APPROVED',NULL),
  (5,1,82000,'2025-10-01','SUBMITTED',NULL),
  (5,2,92180,'2025-10-01','APPROVED',NULL),
  (6,1,180000,'2025-03-10','SUBMITTED',NULL),
  (6,2,175000,'2025-03-10','APPROVED',NULL),
  (7,1,250000,'2025-07-01','SUBMITTED',NULL),
  (7,2,262000,'2025-07-01','APPROVED',NULL),
  (8,1,35000,'2025-09-01','SUBMITTED',NULL),
  (8,2,35000,'2025-09-01','REJECTED',NULL),
  (9,1,120000,'2025-05-01','SUBMITTED',NULL),
  (9,2,125000,'2025-05-01','APPROVED',NULL),
  (10,1,78000,'2025-08-15','SUBMITTED',NULL),
  (10,2,82000,'2025-08-15','APPROVED',NULL),
  (11,1,65000,'2025-10-01','SUBMITTED',NULL),
  (11,2,62500,'2025-10-01','APPROVED',NULL),
  (12,1,55000,'2025-06-15','SUBMITTED',NULL),
  (12,2,57500,'2025-06-15','APPROVED',NULL),
  (13,1,42000,'2025-09-10','SUBMITTED',NULL),
  (13,2,44100,'2025-09-10','APPROVED',NULL),
  (14,1,28000,'2025-07-01','SUBMITTED',NULL),
  (14,2,29400,'2025-07-01','APPROVED',NULL),
  (15,1,15000,'2025-11-01','SUBMITTED',NULL),
  (15,2,15000,'2025-11-01','DRAFT',NULL);

INSERT INTO proc_po_headers (po_number,supplier_id,requisition_id,buyer_id,total_amount,approved_amount,status,approved_date,category) VALUES
  ('PO-2025-001',11,NULL,53,85000,0,'PENDING',NULL,'IT Services'),
  ('PO-2025-002',7,NULL,53,42000,0,'PENDING',NULL,'Consulting'),
  ('PO-2025-003',3,NULL,53,120000,0,'PENDING',NULL,'Hardware'),
  ('PO-2025-011',13,NULL,53,150000,150000,'APPROVED','2025-03-10','IT Services'),
  ('PO-2025-012',14,NULL,53,48000,48000,'APPROVED','2025-03-25','IT Services'),
  ('PO-2025-013',9,NULL,53,72000,72000,'APPROVED','2025-04-12','Consulting'),
  ('PO-2025-014',10,NULL,53,55000,55000,'APPROVED','2025-04-25','Consulting'),
  ('PO-2025-015',8,NULL,53,88000,88000,'APPROVED','2025-05-10','Consulting'),
  ('PO-2025-029',16,NULL,53,45000,0,'REJECTED','2025-06-15','Facilities'),
  ('PO-2025-030',19,NULL,53,38000,0,'REJECTED','2025-07-12','Facilities');

INSERT INTO proc_po_lines (po_header_id,line_number,item_id,description,quantity,unit_price,line_amount,status) VALUES
  (1,1,1,'Services - PO-2025-001',1,85000,85000,'OPEN'),
  (2,1,1,'Services - PO-2025-002',1,42000,42000,'OPEN'),
  (3,1,1,'Services - PO-2025-003',1,120000,120000,'OPEN'),
  (4,1,1,'Services - PO-2025-011',1,150000,150000,'OPEN'),
  (5,1,1,'Services - PO-2025-012',1,48000,48000,'OPEN'),
  (6,1,1,'Services - PO-2025-013',1,72000,72000,'OPEN'),
  (7,1,1,'Services - PO-2025-014',1,55000,55000,'OPEN'),
  (8,1,1,'Services - PO-2025-015',1,88000,88000,'OPEN'),
  (9,1,1,'Services - PO-2025-029',1,45000,45000,'CANCELLED'),
  (10,1,1,'Services - PO-2025-030',1,38000,38000,'CANCELLED');

INSERT INTO proc_po_distributions (po_line_id,cost_centre_id,account_code_id,distribution_pct,amount) VALUES
  (1,1,1,100.0,85000),
  (2,1,1,100.0,42000),
  (3,1,1,100.0,120000),
  (4,1,1,100.0,150000),
  (5,1,1,100.0,48000),
  (6,1,1,100.0,72000),
  (7,1,1,100.0,55000),
  (8,1,1,100.0,88000),
  (9,1,1,100.0,45000),
  (10,1,1,100.0,38000);

INSERT INTO proc_po_approvals (po_header_id,approver_id,approval_level,action,comments,action_date,status) VALUES
  (4,53,1,'APPROVED',NULL,'2025-03-10','COMPLETED'),
  (5,53,1,'APPROVED',NULL,'2025-03-25','COMPLETED'),
  (6,53,1,'APPROVED',NULL,'2025-04-12','COMPLETED'),
  (7,53,1,'APPROVED',NULL,'2025-04-25','COMPLETED'),
  (8,53,1,'APPROVED',NULL,'2025-05-10','COMPLETED'),
  (9,53,1,'REJECTED',NULL,'2025-06-15','COMPLETED'),
  (10,53,1,'REJECTED',NULL,'2025-07-12','COMPLETED');

INSERT INTO proc_contract_headers (contract_number,contract_name,supplier_id,contract_type,start_date,end_date,total_value,released_amount,status,owner_id) VALUES
  ('CON-2025-001','IT Managed Services',11,'BLANKET','2025-01-01','2026-12-31',500000,195000,'ACTIVE',53),
  ('CON-2025-002','Facilities Management',20,'BLANKET','2025-01-01','2025-12-31',250000,120000,'ACTIVE',53),
  ('CON-2025-003','Consulting Framework',7,'BLANKET','2025-01-01','2026-06-30',300000,158000,'ACTIVE',53);

INSERT INTO proc_contract_lines (contract_header_id,line_number,item_id,description,quantity,unit_price,line_amount,released_amount) VALUES
  (1,1,1,'Cloud services',1,250000,250000,110000),
  (1,2,6,'Software licenses',10,15000,150000,85000),
  (2,1,4,'FM services',1,250000,250000,120000),
  (3,1,3,'Audit & advisory',1,150000,150000,95000),
  (3,2,6,'ERP consulting',1,150000,150000,63000);

INSERT INTO proc_receipt_headers (receipt_number,po_header_id,received_by,receipt_date,status,comments) VALUES
  ('RCV-2025-001',4,53,'2025-03-15','RECEIVED','Full delivery'),
  ('RCV-2025-002',5,53,'2025-03-30','RECEIVED','Full delivery'),
  ('RCV-2025-003',6,53,'2025-04-15','RECEIVED','Full delivery');

INSERT INTO proc_receipt_lines (receipt_header_id,po_line_id,quantity_received,quantity_accepted,quantity_rejected,inspection_status) VALUES
  (1,4,1,1,0,'ACCEPTED'),
  (2,5,1,1,0,'ACCEPTED'),
  (3,6,1,1,0,'ACCEPTED');

